LAD13CD,LAD21NM,year,EmpRate,QualProportion,LTsick,digital,MaxMinRatio,Access,ratio_80_20,AffRatio,child_poverty,food,Decent,Turnout,PermEmp,tdr,sr,le_both,le_var_abs_both,le_var_rel_both,le_male,le_var_abs_male,le_var_rel_male,le_female,le_var_abs_female,le_var_rel_female,Cluster
E06000001,Hartlepool,2020,68.8,78.72,9.61,74.1379,5.2353,62.07,2.74,5.7207,37.79,15.29,19.8,35.88,94.82,60.4452,0.9603,78.8609,11.8256,0.15,76.5641,12.4728,0.1629,81.224,11.0297,0.1358,1
E06000002,Middlesbrough,2020,64,74.58,7.26,61.6279,5.6024,50,3.15,5.9145,39.42,16.59,24.7,35.74,94.53,57.3497,0.979,78.0044,11.6126,0.1489,76.0622,12.083,0.1589,80.0185,11.0324,0.1379,1
E06000003,Redcar and Cleveland,2020,68.2,77.24,7.9,60.2273,3.4127,95.45,2.83,6.1319,36.78,13.3,25.5,37.61,95.8,65.942,0.9434,79.7101,11.724,0.1471,77.7372,12.6125,0.1622,81.6951,10.7661,0.1318,1
E06000004,Stockton-on-Tees,2020,72.5,86.07,6.1,48.3333,3.7346,81.67,3.01,6.3642,35.3,13.01,16.4,36,95.51,59.7087,0.9799,80.3805,11.1417,0.1386,78.8089,11.4587,0.1454,81.9881,10.7483,0.1311,1
E06000005,Darlington,2020,73.7,81.7,5.67,49.2308,4.411,32.31,2.94,6.2122,36.1,11.55,23.3,39.09,96.13,61.8401,0.9509,80.0011,11.3166,0.1415,78.5378,11.7444,0.1495,81.4931,10.855,0.1332,1
E06000006,Halton,2020,76.5,83.5,7.21,56.962,3.1197,35.44,2.94,6.4116,29.35,13.69,15.6,37.21,96.45,59.2866,0.9474,79.9345,11.2807,0.1411,78.0986,11.7211,0.1501,81.8268,10.7538,0.1314,1
E06000007,Warrington,2020,82.6,82.87,3.32,30.7087,3.6916,51.18,2.92,8.3551,25.39,8.74,19,36.04,95.36,58.3522,0.982,80.9636,10.7263,0.1325,79.1486,11.2184,0.1417,82.8593,10.1081,0.122,2
E06000008,Blackburn with Darwen,2020,68.9,69.35,7.95,61.5385,2.7226,30.77,2.22,5.9502,36.13,16.51,26.5,29.56,96.85,56.8443,1.0067,78.1158,11.6432,0.1491,75.9381,12.1803,0.1604,80.5376,10.8631,0.1349,1
E06000009,Blackpool,2020,74.7,77.55,8.68,75.5319,2.0816,53.19,2.64,6.0071,34.11,13.8,32.1,32.14,95.09,61.9159,0.9828,76.3058,12.8104,0.1679,73.4985,13.5736,0.1847,79.3872,11.6992,0.1474,1
E06000010,"Kingston upon Hull, City of",2020,76.6,69.42,7.54,64.4578,2.125,40.36,2.55,5.7798,36.35,13.99,23.2,27.38,96.7,52.3529,1.0156,77.7341,11.6659,0.1501,75.4452,12.2686,0.1626,80.2557,10.7821,0.1343,1
E06000011,East Riding of Yorkshire,2020,77.2,86.14,4.82,35.2381,2.77,79.52,3.22,7.7274,27.01,8.37,26,36.7,95.62,71.4928,0.9629,82.0684,10.3653,0.1263,80.2829,10.8315,0.1349,83.9376,9.7884,0.1166,3
E06000012,North East Lincolnshire,2020,73.2,70.74,7.15,66.0377,4.0952,71.7,3.16,6.2541,35.07,9.06,26.9,35.14,93.53,64.4995,0.9582,80.3246,11.0549,0.1376,78.3516,11.8137,0.1508,82.3429,10.1944,0.1238,1
E06000013,North Lincolnshire,2020,73,75.88,6.91,48.5149,2.7895,61.39,2.82,6.5014,33.14,9.09,22.1,35.13,96.03,63.5762,0.976,81.598,10.7372,0.1316,79.3474,11.3271,0.1428,83.9662,9.9626,0.1187,1
E06000014,York,2020,79.4,86.79,3.18,21.6667,1.7403,62.5,3.66,10.4898,23.93,9.5,20,37.7,93.62,49.1513,0.9674,82.1955,10.5759,0.1287,80.4786,10.9824,0.1365,83.8988,10.0249,0.1195,2
E06000015,Derby,2020,75.2,83.38,5.71,48.3444,2.3791,54.97,3.11,6.4837,32.81,12.11,14.5,35.82,93.91,56.7073,0.9861,79.7852,11.6433,0.1459,77.6831,12.2114,0.1572,81.9603,10.8833,0.1328,1
E06000016,Leicester,2020,74.5,67.51,3.57,61.4583,1.8333,30.73,2.69,9.0291,37.9,12.1,25.4,31.49,93.3,48.2629,1.0102,78.9756,11.6601,0.1476,76.8604,12.5092,0.1628,81.2472,10.5754,0.1302,1
E06000017,Rutland,2020,72.3,75.12,3.57,0,2.9524,95.65,3.8504,10.8404,17.63,10.19,22.2346,41.19,94.81,68.595,1.04,85.6297,8.8829,0.1037,84.6718,8.933,0.1055,86.4522,8.8857,0.1028,2
E06000018,Nottingham,2020,66.6,77.9,5.98,57.6923,2.374,27.47,2.91,7.0812,35.68,17.14,16.3,33.37,88.08,41.0879,1.0387,78.5361,11.6823,0.1488,76.477,12.0492,0.1576,80.7906,11.0572,0.1369,1
E06000019,"Herefordshire, County of",2020,79.6,81.51,5.3,25,2.5949,83.62,3.16,11.4219,29.36,9.13,26.1,36.29,95.73,68.3203,0.9755,82.3817,10.5275,0.1278,80.5033,11.2847,0.1402,84.3394,9.6527,0.1145,3
E06000020,Telford and Wrekin,2020,73.6,72.92,5.31,45.3704,3.5638,85.19,3.12,7.9507,33.76,9.55,23.2,34.13,94.41,58.8801,0.9847,80.7428,10.9541,0.1357,78.9308,11.601,0.147,82.6319,10.1945,0.1234,3
E06000021,Stoke-on-Trent,2020,72.6,73.83,9.59,71.6981,3.0362,71.7,2.56,5.33,37.82,13.61,19.6,29.38,96.32,57.7396,1.0141,78.0764,11.9701,0.1533,76.0182,12.5631,0.1653,80.3042,11.1558,0.1389,1
E06000022,Bath and North East Somerset,2020,79.2,91.04,2.65,13.913,2.8182,61.74,3.94,14.2568,20.11,15.58,18.3,39.4,92.85,52.6848,0.9878,83.4691,9.8998,0.1186,81.7897,10.3603,0.1267,85.1156,9.3365,0.1097,2
E06000023,"Bristol, City of",2020,75.7,86.69,7.5,31.5589,2.7951,31.56,2.96,10.5439,33.48,11.7,13.8,35.53,94.14,43.619,1.0117,80.9212,11.0255,0.1362,78.8816,11.6971,0.1483,83.0911,10.1609,0.1223,1
E06000024,North Somerset,2020,80.8,81.36,4.96,25.1852,3.1699,90.37,3.37,9.9889,21.69,9.72,21.9,38.69,94.42,69.8188,0.9467,83.1764,10.105,0.1215,81.3594,10.7463,0.1321,85.007,9.3798,0.1103,2
E06000025,South Gloucestershire,2020,82.5,85.91,2.7,15.7576,2.1586,61.82,3.3,11.0626,21.04,10.52,19.2,39.62,96.43,57.4945,0.9773,83.7251,10.1223,0.1209,82.2589,10.3475,0.1258,85.2243,9.8365,0.1154,2
E06000026,Plymouth,2020,73.4,75.25,8.3,39.1304,1.7172,31.68,2.86,8.0564,29.77,13.74,19.5,38.39,93.75,55.9905,0.9864,80.955,11.1072,0.1372,79.2206,11.6751,0.1474,82.7668,10.4609,0.1264,1
E06000027,Torbay,2020,72.3,75.86,6.91,67.4157,2.1856,64.04,3.37,9.8425,29.98,10.91,24.9,37.47,95.65,75.3213,0.9542,81.2023,11.1925,0.1378,79.1203,11.922,0.1507,83.3673,10.3723,0.1244,1
E06000030,Swindon,2020,80.6,76.2,4.5,34.8485,2.3229,59.09,2.96,8.544,25.84,10.8,14.3,34.85,95.68,56.2412,0.9982,82.0237,10.6524,0.1299,80.1268,11.2228,0.1401,84.0202,9.9111,0.118,3
E06000031,Peterborough,2020,75.1,73.15,6.64,53.5714,3.1724,66.96,3.15,8.9583,36.21,13.13,18.5,33.09,97.38,60.1581,1.0139,80.9318,11.3179,0.1398,79.1308,11.9349,0.1508,82.797,10.5713,0.1277,1
E06000032,Luton,2020,71.9,67.72,4.22,48.7603,1.8155,43.8,2.93,10.5357,39.39,13.07,19.1,31.25,95.7,56.2225,1.0402,80.1183,11.7818,0.1471,77.9066,12.2708,0.1575,82.5196,11.0288,0.1337,1
E06000033,Southend-on-Sea,2020,78.8,76.94,4.19,34.5794,2.3415,22.43,3.49,11.1882,27.44,9.84,28.4,35.03,97.06,61.1993,0.9614,80.837,10.651,0.1318,78.6776,11.2571,0.1431,83.0553,9.8617,0.1187,3
E06000034,Thurrock,2020,76.6,73.12,2.66,37.7551,1.9034,63.27,3.09,10.5038,29.53,11.64,23.4,33.86,95.94,55.9111,0.9708,80.4389,10.8182,0.1345,78.426,11.5485,0.1473,82.5444,9.9359,0.1204,3
E06000035,Medway,2020,76.7,82.8,4.53,31.9018,2.2632,46.01,2.74,9.2026,30.02,14.58,21.2,36.42,95.86,56.5022,0.9815,80.4668,11.1545,0.1386,78.3897,11.6626,0.1488,82.6572,10.4994,0.127,1
E06000036,Bracknell Forest,2020,83.7,85.68,1.94,4,3.1176,68,3.05,12.8801,19.49,9.92,9.1,41.43,95.58,52.3284,0.9793,83.9092,10.5031,0.1252,82.3679,10.9331,0.1327,85.4496,10.054,0.1177,2
E06000037,West Berkshire,2020,82.9,87.35,2.71,6.1856,2.7425,88.66,3.12,12.8105,18.77,8.44,13.4,39.04,97.14,61.5071,0.9776,83.4824,10.4508,0.1252,81.4797,10.9924,0.1349,85.607,9.7764,0.1142,2
E06000038,Reading,2020,81.3,82.68,2.98,19.5876,2.2222,37.11,2.98,10.7538,26.92,12.79,12.5,36.38,94.94,48.5635,1.0446,80.6072,11.3737,0.1411,78.7073,12.1355,0.1542,82.6569,10.4333,0.1262,2
E06000039,Slough,2020,74.2,74.77,4.06,43.75,2.4,45,2.97,11.7819,33.45,15.76,12.4,33.13,96.14,55.1867,1.0299,80.5787,11.8832,0.1475,78.4709,12.5875,0.1604,82.8947,10.9277,0.1318,1
E06000040,Windsor and Maidenhead,2020,80.4,88.19,2.72,10.1124,2.1947,79.78,3.87,14.3406,17.24,9.39,15.5,39.3,97.23,60.1058,0.9856,83.6052,9.9899,0.1195,81.7386,10.7663,0.1317,85.4813,9.1083,0.1066,2
E06000041,Wokingham,2020,78.8,85.81,2,1.0101,2.1356,61.62,3.78,13.9761,14.81,9.33,9.7,42.36,96.22,60.2399,0.9672,84.6914,9.7534,0.1152,83.0854,10.2162,0.123,86.3066,9.2682,0.1074,2
E06000042,Milton Keynes,2020,80.6,78.84,3.88,19.0789,2.2051,56.58,2.91,10.7328,29.73,10.42,12.3,37.95,94.41,57.3341,0.9759,81.846,10.8224,0.1322,80.0007,11.4291,0.1429,83.7566,10.1394,0.1211,2
E06000043,Brighton and Hove,2020,76.3,87.48,4.53,15.7576,2,38.79,3.05,13.7487,27.02,13.77,14.9,37.61,92.15,38.4433,1.0173,81.5488,10.8083,0.1325,79.6001,11.4384,0.1437,83.6109,9.9926,0.1195,4
E06000044,Portsmouth,2020,72.3,80.5,5.2,24,1.7917,21.6,2.77,9.738,31.69,13.84,20.3,32.7,94.48,46.2534,1.0487,80.4457,10.9621,0.1363,78.1672,11.4043,0.1459,82.9016,10.2199,0.1233,1
E06000045,Southampton,2020,74.8,86.55,3.25,36.4865,1.4359,46.62,2.74,8.7949,33.97,17.63,12.2,33.19,94.34,45.2354,1.0536,80.608,11.2728,0.1398,78.5966,11.6554,0.1483,82.7749,10.6452,0.1286,1
E06000046,Isle of Wight,2020,73.9,83.32,6.09,64.0449,2.6207,89.89,2.89,9.3554,29.63,9.52,31.3,37.84,95.87,75.4321,0.9627,81.4405,10.9332,0.1342,79.2704,11.8356,0.1493,83.7044,9.9251,0.1186,3
E06000047,County Durham,2020,71.6,80.33,7.77,57.716,7.6122,65.12,2.72,5.1257,35.75,11.37,24.8,37.08,95.05,58.7202,0.9686,79.5434,11.2982,0.142,77.7835,11.8203,0.152,81.3635,10.7056,0.1316,1
E06000049,Cheshire East,2020,80.5,85.13,4.07,20.0855,8.2447,69.66,3.27,9.2164,22.35,7.77,21.5,39.35,94.44,66.3511,0.9585,82.4688,10.3433,0.1254,80.8506,10.94,0.1353,84.1288,9.6536,0.1147,2
E06000050,Cheshire West and Chester,2020,76.3,84.89,3.92,28.3019,4.2295,78.3,2.65,8.4593,24.71,9.02,15.2,37.45,95.5,62.9805,0.9522,81.93,10.5698,0.129,80.0773,11.1895,0.1397,83.8128,9.8457,0.1175,2
E06000051,Shropshire,2020,80.2,79.26,3.67,24.3523,3.0203,90.16,3.48,10.1996,28.88,9.31,25.6,36.13,94.82,67.1979,0.9829,82.3683,10.3754,0.126,80.4921,10.9653,0.1362,84.3509,9.6403,0.1143,3
E06000052,Cornwall,2020,77.5,80.9,6.2,35.2761,4.1167,96.63,2.94,11.9509,30.76,11.11,28.4,35.72,94.08,69.9556,0.9437,82.2399,10.6174,0.1291,80.3847,11.1555,0.1388,84.1408,9.9656,0.1184,3
E06000053,Isles of Scilly,2020,82.3383,73.7,3.21,0,1,100,3.3726,13.5836,14.71,11.31,17.8758,38.06,95.25,63.3327,0.9632,84.3737,9.4222,0.1113,82.7916,9.9074,0.1193,85.9181,8.9126,0.1036,2
E06000054,Wiltshire,2020,78,80.9,3.84,14.7368,2.9755,89.82,3.39,11.7043,20.22,12.5,22.2,37.58,97.29,65.3329,0.9776,83.1787,10.1878,0.1225,81.4722,10.7531,0.132,84.9384,9.5335,0.1122,2
E06000055,Bedford,2020,83,83.81,3.97,25.2427,2.0356,52.43,2.6,10.0485,28.47,9.98,13.2,35.83,96.69,61.0906,0.9673,80.9612,11.3963,0.1408,78.9986,11.957,0.1514,83.0079,10.6765,0.1286,2
E06000056,Central Bedfordshire,2020,81.5,79.79,3.6,10.1911,1.913,79.62,2.9,10.571,20.63,10.13,21.6,38.23,95.67,58.1583,0.9698,82.8295,10.3433,0.1249,81.2662,10.6563,0.1311,84.458,9.9469,0.1178,2
E06000057,Northumberland,2020,72.9,77.68,5.94,47.2081,9.378,83.25,3.37,7.7172,36.25,9.93,30.6,36.56,96.23,67.1657,0.953,81.3992,10.7077,0.1315,79.4994,11.4732,0.1443,83.3564,9.8584,0.1183,1
E06000058,"Bournemouth, Christchurch and Poole",2020,79.4,82.01,4.87,24.4635,3.8818,57.08,2.98,11.8462,24.81,18.75,19.1,36.22,95.8,61.5635,0.992,82.1577,10.5069,0.1279,80.4762,11.0716,0.1376,83.8889,9.8291,0.1172,4
E06000059,Dorset,2020,77,82.63,3.24,30.137,3.3742,90.41,3.35,12.6205,24.74,11.91,25.3,38.29,96.58,78.6824,0.9572,83.4724,10.1337,0.1214,81.4864,10.7977,0.1325,85.5646,9.3401,0.1092,2
E06000060,Buckinghamshire,2020,79.9,81.77,1.87,6.2696,5.4176,75.86,3.51,13.6308,21.79,13.65,15.2,38.97,95.52,62.5854,0.9623,83.5938,10.2826,0.123,81.9126,10.702,0.1307,85.2873,9.7679,0.1145,2
E06000061,North Northamptonshire,2020,86.3,79.38,2.34,37.1134,3.0769,78.87,2.64,8.5212,25.51,12.29,23.6,34.66,95.52,61.4747,0.973,81.1166,10.5857,0.1305,79.5259,11.0125,0.1385,82.7788,10.0749,0.1217,3
E06000062,West Northamptonshire,2020,78.9,77.61,3.85,21.9298,3.1363,68.42,3.02,9.6004,24.41,10.85,19.7,38.9,94.54,59.3652,0.9858,81.7941,10.9372,0.1337,80.2013,11.4756,0.1431,83.4743,10.3278,0.1237,2
E07000008,Cambridge,2020,81.3,72.08,3.1,4.3478,3.1218,39.13,2.81,13.899,23.32,11.02,10,38.53,91.48,43.0365,1.0988,83.4841,10.374,0.1243,81.6562,11.2822,0.1382,85.3763,9.2803,0.1087,2
E07000009,East Cambridgeshire,2020,81.1,70.15,4.43,10,1.7404,100,3.11,11.3803,18.44,9.32,18.6,39.59,94.88,63.587,0.9588,84.1002,9.8549,0.1172,82.8409,10.1251,0.1222,85.39,9.6214,0.1127,2
E07000010,Fenland,2020,69.4,56.82,8.09,54.5455,1.8108,98.18,2.76,8.4083,30.7,9.9,24.4,32.14,95.02,66.8301,0.9787,80.3659,11.1661,0.1389,78.7277,11.3062,0.1436,82.1015,10.9193,0.133,1
E07000011,Huntingdonshire,2020,77.1,75.44,3.94,12.381,2.4068,91.43,2.48,10.0993,22.25,7.33,20.1,35.97,96.55,60.8266,0.9911,83.2709,9.9045,0.1189,81.9336,10.2786,0.1254,84.6601,9.4744,0.1119,3
E07000012,South Cambridgeshire,2020,81.5,86.58,1.14,1.0417,1.9565,98.96,3.02,12.357,17.02,8.56,13.4,40.48,95.57,62.6518,0.984,84.9985,9.6563,0.1136,83.4814,10.1953,0.1221,86.5672,9.0575,0.1046,2
E07000026,Allerdale,2020,83.8,73.28,5.08,43.3333,5,100,3.84,6.4382,27.79,11.25,33.1,37.33,94.05,66.893,0.9699,80.6985,10.7456,0.1332,78.6822,11.4982,0.1461,82.793,9.9069,0.1197,3
E07000027,Barrow-in-Furness,2020,68.7,62.05,15.79,55.102,3.8017,42.86,2.58,4.3194,29.27,12.09,15.3,35,94.12,61.9855,0.9793,79.4328,11.211,0.1411,77.887,11.4302,0.1468,81.0199,10.9233,0.1348,1
E07000028,Carlisle,2020,82.3,71,6.66,45.5882,2.5205,57.35,2.71,6.0985,28.38,10.77,18.9,38.54,92.34,63.0075,0.9567,80.2055,11.2763,0.1406,77.9461,12.2339,0.157,82.4944,10.1873,0.1235,3
E07000029,Copeland,2020,71.8,63.11,7.73,57.1429,2.7528,93.88,3.81,7.57,26.06,10.51,14.5,33.86,94.77,63.8554,0.9941,80.0752,11.2007,0.1399,78.4371,11.7567,0.1499,81.8543,10.5726,0.1292,3
E07000030,Eden,2020,86.9,52.94,3.36,19.4444,2.5,83.33,2.91,8.8238,27.03,8.39,26.3,35.51,94.63,70.0315,0.9816,84.1724,9.4517,0.1123,82.4205,10.1084,0.1226,85.9513,8.7431,0.1017,3
E07000031,South Lakeland,2020,81.9,75.56,4.18,11.8644,2.1412,77.97,2.69,9.8823,23.85,6.76,32.6,37.71,95.65,73.2673,0.9626,83.4358,9.7001,0.1163,81.3887,10.3253,0.1269,85.4986,8.9502,0.1047,3
E07000032,Amber Valley,2020,76.7,85.61,7.28,38.4615,4.1698,98.72,4.18,6.9779,23.99,11.82,26.4,35.82,96.39,61.1529,0.9634,81.9438,9.8896,0.1207,80.3508,10.3236,0.1285,83.5628,9.3957,0.1124,3
E07000033,Bolsover,2020,69.6,41.46,8.08,68.75,1.7431,97.92,2.9397,6.7805,27.4,10.52,33.1,33.01,93.34,57.9457,0.9734,79.6873,10.9165,0.137,77.4363,11.787,0.1522,82.0818,9.9168,0.1208,3
E07000034,Chesterfield,2020,68.3,77.27,8.54,55.0725,2.3983,47.83,2.57,7.4718,27.25,10.32,24.9,37.85,94.72,59.7264,0.9608,80.0769,11.2197,0.1401,78.1095,11.9676,0.1532,82.0939,10.3765,0.1264,1
E07000035,Derbyshire Dales,2020,79.8,56.31,4.29,13.9535,2.4707,100,3.4075,11.1174,20.9,7.47,24.1,35.53,93.33,70.1176,0.97,84.0683,9.237,0.1099,82.2071,9.7939,0.1191,85.9142,8.5903,0.1,3
E07000036,Erewash,2020,82.5,60.56,6.86,35.6164,2.5,89.04,2.82,6.7962,22.9,10.29,30.9,33.58,93.75,59.7781,0.9592,80.9478,10.5905,0.1308,79.0709,10.8761,0.1375,82.877,10.1766,0.1228,3
E07000037,High Peak,2020,69.5,59.99,7.93,18.6441,3.2273,100,3.55,8.3476,21.24,8.47,26.5,37.76,96.17,59.4828,0.9639,81.1847,10.6278,0.1309,79.2294,11.5078,0.1452,83.1584,9.7046,0.1167,3
E07000038,North East Derbyshire,2020,78.8,59.1,4.19,47.619,4.1295,96.83,2.55,8.3507,23.56,10.54,31.3,37.37,90.19,67.1569,0.9523,81.7098,10.1237,0.1239,79.9192,10.7308,0.1343,83.5447,9.5045,0.1138,3
E07000039,South Derbyshire,2020,85.6,76.74,4.64,22.4138,2.0769,89.66,2.91,7.5486,22.85,8.77,30.9,39.74,92.59,56.1254,0.9677,81.9263,10.4799,0.1279,79.6627,11.1403,0.1398,84.3689,9.6819,0.1148,3
E07000040,East Devon,2020,83.5,73.79,1.76,49.3827,2.8,70.37,3.54,12.0035,24.7,9.3,25.9,37.26,94.49,83.1073,0.9336,84.2365,9.8006,0.1163,82.8549,10.0038,0.1207,85.6038,9.5673,0.1118,2
E07000041,Exeter,2020,78.9,79.55,2.21,28.3784,1.7365,35.14,3.79,11.9363,25.01,10.82,20.4,36.63,94.82,43.9182,1.0075,82.2152,10.6211,0.1292,79.744,11.4479,0.1436,84.6923,9.4591,0.1117,2
E07000042,Mid Devon,2020,81.5,72.62,3.32,27.907,1.9659,100,3.47,11.8357,27.12,11.96,31.3,37.24,95.5,68.6235,0.9554,83.8224,9.7999,0.1169,82.1529,10.358,0.1261,85.5137,9.2243,0.1079,3
E07000043,North Devon,2020,80.7,76.01,5.45,51.7241,2.4269,70.69,3.1006,13.03,28.91,10.28,23.7,38.95,94.41,71.7544,0.9619,82.8968,10.4513,0.1261,80.4646,11.2756,0.1401,85.4157,9.4889,0.1111,3
E07000044,South Hams,2020,81.1,75.39,5.97,22.449,2.6628,95.92,3.58,15.4654,26.58,9.46,30.6,38.12,96.9,76.2,0.932,84.8224,9.5556,0.1127,82.975,10.0084,0.1206,86.6498,9.1094,0.1051,2
E07000045,Teignbridge,2020,78.1,71.27,4.53,28.5714,2.6854,82.14,2.91,12.5561,26.79,12.52,32.6,38.32,95.37,72.5415,0.9328,83.2259,10.0859,0.1212,80.9654,10.9455,0.1352,85.5258,9.0711,0.1061,3
E07000046,Torridge,2020,89,46.55,3.97,48.6486,1.803,100,3.2473,10.7561,32.38,12.56,39.7,31.58,95.83,75.7653,0.963,83.3147,9.5498,0.1146,81.9729,9.9036,0.1208,84.6726,9.2278,0.109,3
E07000047,West Devon,2020,71.5,27.38,6.76,6.4516,2.4364,93.55,3.3271,12.848,27.8,9.42,33.9,37.41,94.07,74.613,0.9516,83.5047,9.7893,0.1172,81.3011,10.9731,0.135,85.6884,8.5447,0.0997,3
E07000061,Eastbourne,2020,78.2,55.2,4.82,42.623,1.8002,83.61,2.9945,10.3507,29.79,11.43,23.5,36.51,95.74,70.7237,0.9475,81.4165,11.3081,0.1389,79.2483,12.1404,0.1532,83.5899,10.381,0.1242,3
E07000062,Hastings,2020,80.8,66.88,6.82,52.8302,2.1656,66.04,2.83,10.8173,33.65,14,31.8,33.61,95.52,61.4583,0.9579,79.9251,11.2363,0.1406,78.0191,11.8479,0.1519,81.8739,10.5374,0.1287,3
E07000063,Lewes,2020,82.3,67.75,4.01,25.8065,2.8608,85.48,3.2559,12.8952,24.54,10.22,21.4,37.5,93.98,71.9269,0.9418,83.3079,10.1174,0.1214,81.0696,10.8993,0.1344,85.5039,9.2211,0.1078,2
E07000064,Rother,2020,78.2,46.02,6.27,60.3448,3.3918,96.55,3.5898,14.9103,29.1,9.26,36.7,32.03,95.35,86.1538,0.9283,82.7938,9.7721,0.118,80.7709,10.3919,0.1287,84.782,9.1162,0.1075,3
E07000065,Wealden,2020,79.7,80.07,2.33,22.1053,2.973,88.42,3.49,13.2169,24.2,8.18,24.7,37.63,93.94,72.5053,0.9322,83.7788,9.4415,0.1127,82.1903,9.7833,0.119,85.3455,9.076,0.1063,2
E07000066,Basildon,2020,75,62.59,6.97,49.0909,1.8229,51.82,3.41,12.5506,29.4,9.16,22.7,32.58,94.35,59.3379,0.9431,81.5562,10.5578,0.1295,79.4029,11.0899,0.1397,83.6815,9.8709,0.118,3
E07000067,Braintree,2020,80.7,78.73,5.01,21.8391,2.0778,89.66,3.53,11.5819,25.51,7.18,21.4,34.8,95.93,62.593,0.9615,81.9534,9.8201,0.1198,80.3842,10.3412,0.1286,83.5864,9.2841,0.1111,2
E07000068,Brentwood,2020,80,86.65,3.08,4.3478,2.2986,76.09,3.4777,13.0502,20.59,8.69,24.9,39.36,95.32,60.2911,0.947,83.38,9.9631,0.1195,81.3686,10.6449,0.1308,85.2925,9.1647,0.1075,2
E07000069,Castle Point,2020,80.6,58.01,5.04,42.1053,1.6615,80.7,3.3114,11.9827,25.52,8.77,31.9,33.61,95.44,71.0775,0.9421,81.755,10.1323,0.1239,79.7367,10.5271,0.132,83.7603,9.6768,0.1155,3
E07000070,Chelmsford,2020,82.8,85.03,1.91,10.2804,2.5045,69.16,3.97,13.3532,20.01,9.49,18.2,37.65,96.89,59.7865,0.9758,83.2623,9.9838,0.1199,81.7937,10.336,0.1264,84.7324,9.5706,0.113,2
E07000071,Colchester,2020,70,78.91,4.98,20.9524,2.15,71.43,3.73,11.2266,24.62,9.58,21.4,38.57,94.59,53.7023,0.9919,82.1236,10.6345,0.1295,80.3487,11.2045,0.1394,83.9496,9.9691,0.1188,2
E07000072,Epping Forest,2020,78.2,85.17,3.55,16.6667,2.5203,67.95,3.44,16.8948,24.64,8.7,21.1,34.4,96.18,60.4369,0.9356,82.6978,9.7851,0.1183,80.7086,10.4632,0.1296,84.6698,8.96,0.1058,2
E07000073,Harlow,2020,74.1,49.54,8.16,64.8148,1.4423,22.22,2.58,12.3272,32.33,10.51,19.1,30.77,94.25,59.1241,0.9421,81.4129,10.4511,0.1284,79.5827,10.9006,0.137,83.1464,9.906,0.1191,1
E07000074,Maldon,2020,77.4,47.6,5.31,20,2.1691,100,3.471,12.7634,23.6,8.63,35,38.26,95.14,69.2506,0.9611,83.6026,9.5132,0.1138,81.9026,10.4467,0.1275,85.3006,8.6953,0.1019,3
E07000075,Rochford,2020,86.5,65.88,2.73,15.0943,1.3417,50.94,3.379,13.208,21.52,7.7,31.1,35.19,95.68,64.486,0.9556,82.9327,10.2891,0.1241,81.1366,10.7919,0.133,84.6818,9.629,0.1137,2
E07000076,Tendring,2020,63.7,64.42,9.79,71.9101,3.272,95.51,3.66,6.8729,29.79,11.17,27.3,35.68,95.43,82.4257,0.9293,80.2825,10.9881,0.1369,78.3325,11.7002,0.1494,82.3131,10.2249,0.1242,1
E07000077,Uttlesford,2020,81.2,62.34,3.21,0,2.3468,100,3.5615,15.0026,17.98,7.89,21.1,39.52,95.27,62.1716,0.966,84.9287,9.4995,0.1119,84.04,9.8342,0.117,85.8328,9.2526,0.1078,2
E07000078,Cheltenham,2020,82.1,77.63,4.43,16,2.7853,42.67,3.26,9.9958,24.98,11.58,25,37.27,97.03,58.2313,0.9712,82.4238,10.3155,0.1252,80.4805,10.8226,0.1345,84.3465,9.6825,0.1148,2
E07000079,Cotswold,2020,82.7,63.56,2.64,7.8431,2.83,90.2,3.5528,14.2889,20.13,9.45,26.2,37.97,95.61,70.9434,0.9359,84.1269,9.4712,0.1126,82.3733,10.0805,0.1224,85.8181,8.8835,0.1035,2
E07000080,Forest of Dean,2020,80.4,64.21,4.99,24,2.4,100,3.1981,10.825,27.29,14,29.8,36.24,93.33,66.9866,0.9639,83.0157,9.8446,0.1186,81.3516,10.4016,0.1279,84.7225,9.2567,0.1093,3
E07000081,Gloucester,2020,81.2,71.69,4.15,33.3333,2,69.23,3.12,9.3304,29.2,13.06,22.1,32.76,97.1,56.0241,0.9771,80.977,11.0934,0.137,78.9955,11.4852,0.1454,83.0158,10.5108,0.1266,3
E07000082,Stroud,2020,80.7,65,5.29,7.2464,3.3205,92.75,3.87,11.593,22.63,9.51,22.8,37.19,94.57,64.8098,0.9692,82.9487,9.8304,0.1185,81.4542,10.4174,0.1279,84.4786,9.25,0.1095,2
E07000083,Tewkesbury,2020,85,85.59,2.63,16,2.3274,72,3.26,10.7579,22.16,9.94,14.9,38.34,95.75,65.6947,0.9515,83.6877,10.1936,0.1218,81.5841,10.6755,0.1309,85.7901,9.5282,0.1111,2
E07000084,Basingstoke and Deane,2020,83.3,74.77,2.99,18.3486,3.6889,80.73,2.83,10.2018,19.15,11.86,14.5,36.45,98.23,57.764,0.969,82.8906,10.1047,0.1219,81.2604,10.622,0.1307,84.5411,9.5425,0.1129,2
E07000085,East Hampshire,2020,82.2,79.06,1.6,6.9444,2.7028,100,3.39,12.7631,19.69,8.35,21.3,40.44,95.72,68.0217,0.9315,84.4623,9.7828,0.1158,82.679,10.4939,0.1269,86.2495,9.0274,0.1047,2
E07000086,Eastleigh,2020,81.4,80.83,1.38,10.3896,1.7787,87.01,3.23,11.33,20.64,8.93,19.2,38.96,96.58,60.8541,0.9483,83.54,10.1425,0.1214,81.8274,10.7952,0.1319,85.2623,9.4276,0.1106,2
E07000087,Fareham,2020,87,75.52,1.73,9.589,1.7021,80.82,2.82,11.1571,20.19,8.39,18.7,37.2,96.85,64.7727,0.9562,83.9342,9.6407,0.1149,82.8459,9.7904,0.1182,84.9735,9.5019,0.1118,2
E07000088,Gosport,2020,69.6,65.43,7.71,35.8491,2.1779,100,2.56,8.6919,26.39,10.34,28.5,36.33,94.87,61.1006,0.9883,81.1766,11.1601,0.1375,79.5104,11.568,0.1455,82.8958,10.6754,0.1288,3
E07000089,Hart,2020,86.4,83.5,2.05,0,1.6608,98.25,3.6371,13.5744,13.87,8.08,16.5,40.66,97.25,62.6667,0.9797,85.9723,9.1574,0.1065,84.9241,9.4819,0.1117,86.9363,8.8919,0.1023,2
E07000090,Havant,2020,72.3,54.69,8.99,47.4359,1.9487,62.82,3.01,12.5564,29.68,11.8,24.2,35.5,89.5,67.4172,0.9387,82.5595,10.252,0.1242,80.9246,10.4244,0.1288,84.1737,10.0289,0.1191,3
E07000091,New Forest,2020,81.4,72.49,3.11,27.193,2.6808,97.37,3.36,13.9229,23.19,12.27,20.7,37.18,95.1,79.5409,0.9303,84.6836,9.4606,0.1117,83.0753,9.8285,0.1183,86.279,9.096,0.1054,2
E07000092,Rushmoor,2020,75,80.15,3.54,13.7931,1.4415,51.72,2.86,9.7035,21.69,9.69,13.9,39.2,94.1,51.7685,1.0258,82.2964,10.326,0.1255,80.1519,11.2862,0.1408,84.543,9.1678,0.1084,2
E07000093,Test Valley,2020,78.7,69.74,4.03,11.2676,2.8704,88.73,3.57,11.3408,18.25,9.07,18.2,40.53,93.2,65.7963,0.9508,83.4689,10.1717,0.1219,82.0508,10.5188,0.1282,84.8815,9.8426,0.116,2
E07000094,Winchester,2020,71.2,81.1,4.89,2.8571,2.3473,74.29,3.3907,14.1931,17.99,9.82,11.7,41.22,95.22,63.2124,0.9535,84.7856,9.6416,0.1137,82.9075,10.3723,0.1251,86.6542,8.8186,0.1018,2
E07000095,Broxbourne,2020,80.4,58.01,2.43,23.2143,1.8919,67.86,3.71,12.5343,25.24,9.35,28.7,37.63,94.57,58.9577,0.9365,82.62,10.7942,0.1306,80.5972,11.5999,0.1439,84.55,9.8677,0.1167,3
E07000096,Dacorum,2020,77.7,71.79,3.75,17.0213,3.3671,40.43,3.41,13.6676,20.99,11.22,9.6,36.26,95.82,58.7334,0.9671,83.2003,9.996,0.1201,81.6301,10.5308,0.129,84.7503,9.3859,0.1107,2
E07000098,Hertsmere,2020,80.8,60.67,5.26,14.5161,2.8523,61.29,3.25,15.3311,19.41,9.2,16,36.24,96.15,62.7119,0.913,82.8126,9.9575,0.1202,80.3983,10.6128,0.132,85.1781,9.1808,0.1078,2
E07000099,North Hertfordshire,2020,83.3,85.39,2.91,17.0732,2.6216,75.61,3.19,11.5511,19.73,8.19,17.4,37.88,96.78,60.8434,0.9632,83.2723,9.6222,0.1156,81.9964,9.8827,0.1205,84.5353,9.3632,0.1108,2
E07000102,Three Rivers,2020,75.1,78.27,6.93,9.434,3.2153,77.36,3.4683,15.7434,17.29,9.32,14.4,38.85,94.45,60.034,0.9523,84.0059,9.6538,0.1149,82.2359,10.7734,0.131,85.7334,8.4886,0.099,2
E07000103,Watford,2020,78.2,63.35,4.95,15.0943,2.3162,50.94,3.166,12.7394,24.98,8.75,18.1,34.97,91.75,52.7734,0.9835,81.7445,10.0989,0.1235,79.9077,10.975,0.1373,83.6152,9.1119,0.109,3
E07000105,Ashford,2020,80.2,64.19,3.34,19.2308,2.9762,76.92,3.1504,12.2158,27.46,11.49,21,34.66,96.87,63.6704,0.9422,82.0609,10.6881,0.1302,80.3474,11.1118,0.1383,83.7877,10.1846,0.1216,3
E07000106,Canterbury,2020,75.1,87.54,4.71,27.7778,2.0732,78.89,3.75,12.7738,27.45,11.29,26.5,36.74,94.04,55.2974,0.9705,81.711,10.6404,0.1302,79.835,10.9992,0.1378,83.5832,10.1413,0.1213,2
E07000107,Dartford,2020,86.9,55.86,3.56,22.4138,2.474,56.9,2.86,9.7728,26.75,12.84,20.3,33.34,97.03,55.3888,0.9774,81.3076,10.3472,0.1273,79.2495,11.0412,0.1393,83.4467,9.5543,0.1145,3
E07000108,Dover,2020,69.7,58.52,7.13,49.2537,2.7397,74.63,3.6,10.2356,31.4,11.47,19.2,33.18,93.95,67.3239,0.9734,81.2911,10.6771,0.1313,79.4902,11.1951,0.1408,83.1819,10.057,0.1209,1
E07000109,Gravesham,2020,84.2,62.44,4.08,31.25,2.381,81.25,3.0021,11.722,32.07,11.98,18.5,32.92,93.88,60.7196,0.9706,81.4067,10.6693,0.1311,79.3166,11.2785,0.1422,83.5275,9.9353,0.1189,3
E07000110,Maidstone,2020,81.2,73.53,3.76,14.7368,2.5532,81.05,3.38,11.4869,26.01,9.7,24.3,36.09,95.63,61.9626,0.9671,82.4168,10.2851,0.1248,80.835,10.8158,0.1338,84.0169,9.6766,0.1152,2
E07000111,Sevenoaks,2020,70.3,75.61,5.13,13.5135,4.386,75.68,3.446,12.32,21.93,8.7,18.1,38.95,95,68.5237,0.9391,83.75,9.7974,0.117,82.4072,10.2001,0.1238,85.0532,9.392,0.1104,2
E07000112,Folkestone and Hythe,2020,83.6,80.64,6.49,53.7313,2.1596,73.13,3.27,11.4801,29.53,10.78,20.8,36.66,95.01,69.5067,0.9791,81.1221,11.032,0.136,78.9076,12.0402,0.1526,83.4625,9.8943,0.1185,3
E07000113,Swale,2020,74.3,64.52,8.7,38.8235,2.5588,96.47,2.78,10.4286,29.22,15.71,26.7,33.75,91.71,62.5404,0.9713,80.6702,11.083,0.1374,78.7362,11.4782,0.1458,82.7054,10.547,0.1275,1
E07000114,Thanet,2020,69.4,58.1,10.74,65.4762,2.8843,58.33,3.03,11.2817,33.58,21.63,28.7,32.56,92.81,71.7233,0.941,80.2252,11.1762,0.1393,78.1113,11.6042,0.1486,82.3584,10.5953,0.1286,1
E07000115,Tonbridge and Malling,2020,81.5,79.27,3.02,15.2778,2.2641,80.56,4.17,12.0498,22.3,9.74,19.9,38.12,96.14,61.4355,0.9543,83.406,10.0943,0.121,81.3064,10.4535,0.1286,85.5197,9.6163,0.1124,2
E07000116,Tunbridge Wells,2020,79.8,82.57,3.62,5.8824,2.4667,79.41,3.4448,13.2629,20.69,9.3,23.2,40.64,96.18,62.8767,0.9718,83.4318,10.0543,0.1205,82.2085,10.6063,0.129,84.6565,9.5598,0.1129,2
E07000117,Burnley,2020,72.6,37.46,6.72,66.6667,3.8,33.33,2.7281,4.5565,35.8,15.08,30.4,31.78,94.65,62.4319,0.9801,78.3611,11.5386,0.1472,76.1166,12.3245,0.1619,80.7735,10.5901,0.1311,1
E07000118,Chorley,2020,73.3,65.11,12.08,21.2121,2.472,92.42,3.12,7.2632,23.88,8.96,25.8,36.71,90.47,59.5973,0.9916,81.2865,10.204,0.1255,79.8805,10.8913,0.1363,82.764,9.5102,0.1149,3
E07000119,Fylde,2020,78.5,74.89,4.31,21.5686,3.2171,84.31,3.1759,7.9356,24.03,8.19,23,37.49,94.35,73.4475,0.9471,81.9814,10.0912,0.1231,80.2735,10.7332,0.1337,83.6682,9.4357,0.1128,3
E07000120,Hyndburn,2020,77.2,27.34,6.2,55.7692,3.297,40.38,2.6483,4.8727,35.88,13.95,27.6,30.79,93.78,61.3546,0.9756,79.3092,11.2657,0.142,76.9995,12.1416,0.1577,81.7151,10.2001,0.1248,1
E07000121,Lancaster,2020,74.1,85.19,5.66,35.9551,3.1628,55.06,3.23,8.4204,27.83,9.95,23.3,36.87,96.28,55.4622,0.9839,80.6835,11.0149,0.1365,78.864,11.4458,0.1451,82.572,10.4565,0.1266,1
E07000122,Pendle,2020,76.5,49.99,4.04,63.1579,5.8207,63.16,2.87,7.6214,35.58,12.87,35.7,32.68,95.08,63.3628,0.9892,80.1034,11.2531,0.1405,78.414,11.9423,0.1523,81.8862,10.4595,0.1277,1
E07000123,Preston,2020,77.6,72.97,7.26,43.0233,3.3445,38.37,2.82,6.4303,33.79,14.23,19.8,31.45,96.77,51.6878,1.0225,78.5647,11.744,0.1495,76.7324,12.3008,0.1603,80.5512,10.9794,0.1363,1
E07000124,Ribble Valley,2020,82,79.48,3.29,5,3.5084,100,3.68,8.7063,19.45,9.21,22.6,39.15,95.7,64.9867,0.9684,83.1809,9.7041,0.1167,81.8461,10.341,0.1263,84.4989,9.1091,0.1078,2
E07000125,Rossendale,2020,86.2,74.35,3.91,34.8837,2.3404,83.72,2.8469,6.9185,31.23,10.47,27.1,37.56,95.37,59.2428,0.9751,80.4255,10.7709,0.1339,78.315,11.7962,0.1506,82.6336,9.7005,0.1174,3
E07000126,South Ribble,2020,83.9,64.74,3.56,11.4286,2.1039,64.29,2.85,7.3909,24.45,9.58,22.2,40.9,91.23,62.61,0.9594,82.2986,10.6328,0.1292,80.2715,11.3226,0.1411,84.3736,9.8651,0.1169,3
E07000127,West Lancashire,2020,70.1,46.21,7.26,30.137,3.9412,75.34,3.2,8.0446,27.16,10.18,29.4,36.89,94.03,62.1813,0.9407,81.241,10.4835,0.129,78.9717,11.1654,0.1414,83.5817,9.7206,0.1163,3
E07000128,Wyre,2020,79,65.79,9.2,47.8261,3.3205,55.07,3.84,7.3201,27.27,10.24,38.1,37.25,93.11,74.114,0.955,80.5322,11.0471,0.1372,78.3565,11.5787,0.1478,82.7452,10.3761,0.1254,3
E07000129,Blaby,2020,81.4,58.26,2.9,18.3333,1.7746,88.33,3.37,7.7824,20.44,10.11,19.4,38.71,93.25,61.746,0.9484,83.7918,9.7741,0.1166,82.0158,10.2195,0.1246,85.5778,9.3134,0.1088,2
E07000130,Charnwood,2020,82,71.95,3.68,23.2323,3.2014,90.91,2.87,8.8615,22.1,10.79,24.7,37.31,93.71,51.5273,1.016,82.4002,10.4955,0.1274,80.53,10.8907,0.1352,84.3958,9.9678,0.1181,3
E07000131,Harborough,2020,83.6,84.96,2.92,2.1277,1.6939,100,3.2728,10.4018,16.95,8.25,22.2,39.94,95.39,63.9794,0.9671,83.7569,9.7561,0.1165,81.9525,10.3751,0.1266,85.6034,9.0601,0.1058,2
E07000132,Hinckley and Bosworth,2020,78.9,69.71,3.12,18.1818,2.1818,92.42,2.57,8.305,22.36,9.15,22.6,35.94,95.11,63.6364,0.9756,82.5418,10.1303,0.1227,80.8795,10.7289,0.1327,84.259,9.4419,0.1121,3
E07000133,Melton,2020,83.7,50.27,3.99,20,2.4602,100,3.3068,11.4344,20.87,9.54,34.1,35.17,95.2,66.0194,0.958,83.3219,9.8174,0.1178,81.3098,10.3019,0.1267,85.3888,9.2331,0.1081,3
E07000134,North West Leicestershire,2020,71,81.86,2.99,24.1379,2.6404,96.55,3.07,9.3023,22.06,11.79,19.7,38.23,95.35,59.0288,0.9699,81.813,10.3156,0.1261,80.0701,10.6426,0.1329,83.6588,9.948,0.1189,2
E07000135,Oadby and Wigston,2020,81.2,54.07,4.67,25,2.3653,50,2.9871,8.8569,24,9.85,23,36.69,94.34,63.0682,0.9392,82.6261,9.9199,0.1201,80.4755,10.7861,0.134,84.6999,8.9611,0.1058,3
E07000136,Boston,2020,81.3,32.24,8.89,55.5556,2.2162,100,3.2,8.3576,29.99,10.74,39.7,30.4,93.39,64.7332,1,80.3825,10.9019,0.1356,78.1903,11.6523,0.149,82.717,9.9959,0.1208,3
E07000137,East Lindsey,2020,62,56.84,10.29,69.1358,2.0513,90.12,2.7,8.5171,30.04,9.69,28.4,32.73,97.02,80.7888,0.9546,80.2697,10.8712,0.1354,78.7528,11.4216,0.145,81.8507,10.307,0.1259,1
E07000138,Lincoln,2020,69.3,72.91,5.37,40.3509,1.8998,45.61,3.27,7.0865,31.55,12.4,18.6,34.33,94.84,45.283,1.002,78.9093,11.6998,0.1483,76.4594,12.2989,0.1609,81.6279,10.8399,0.1328,1
E07000139,North Kesteven,2020,76.6,75.23,2.92,29.6875,2.2456,96.88,2.8,8.1598,20.96,7.72,27.6,36.99,95.45,66.3854,0.9521,82.8674,9.7206,0.1173,81.2942,10.3134,0.1269,84.4314,9.102,0.1078,3
E07000140,South Holland,2020,74.6,66.86,3.85,44.898,1.729,95.92,2.53,7.945,27.38,9.47,22.2,35.14,96.81,69.4346,0.9652,81.8487,10.4217,0.1273,79.7645,11.1387,0.1396,84.0235,9.6235,0.1145,3
E07000141,South Kesteven,2020,73.9,81.41,4.63,24.6914,3.3259,80.25,3.25,9.8709,23.42,7.25,27.3,38.95,95.41,68.1979,0.935,83.0556,9.9686,0.12,81.2733,10.7348,0.1321,84.8075,9.1517,0.1079,3
E07000142,West Lindsey,2020,76.9,53.02,4.57,30.7692,4.1506,98.08,2.63,7.5844,25.22,8.35,23.2,34.61,94.75,69.9647,0.9553,82.6027,9.9215,0.1201,80.6691,10.4723,0.1298,84.6083,9.2938,0.1098,3
E07000143,Breckland,2020,80.3,75.77,5.17,47.4359,2.3727,100,3.01,10.2723,28.99,9.38,29.5,32.36,96.16,71.1165,0.9803,82.5206,9.9169,0.1202,81.0814,10.3037,0.1271,84.0167,9.4673,0.1127,3
E07000144,Broadland,2020,83.7,74.99,3.06,28.5714,1.5957,100,3.94,12.3589,23.04,8.97,20.3,33.88,96.47,69.6658,0.9498,83.83,9.3597,0.1117,82.4192,9.732,0.1181,85.2086,8.9566,0.1051,2
E07000145,Great Yarmouth,2020,66.3,45.23,8.69,77.0492,2.9762,70.49,2.92,8.8727,33.06,11.39,26.8,33.11,94.21,70.568,0.978,80.7193,10.9062,0.1351,78.5941,11.4756,0.146,83.009,10.2501,0.1235,1
E07000146,King's Lynn and West Norfolk,2020,81.5,64.71,4.85,46.0674,3.4483,91.01,3.46,10.3702,29.1,9.54,22.8,33.05,97.53,75.4345,0.9561,81.7025,10.7922,0.1321,79.8473,11.5155,0.1442,83.6038,9.97,0.1193,3
E07000147,North Norfolk,2020,69.4,48.12,7.9,74.1935,2.4439,100,2.55,12.4903,29.86,8.02,25.5,31.94,94.66,85.9929,0.9498,83.098,10.0188,0.1206,81.1978,10.6429,0.1311,85.0436,9.3405,0.1098,3
E07000148,Norwich,2020,75.8,80.48,7.15,50.6024,1.9306,43.37,3.13,8.7539,34.93,11.02,15.6,33.61,91.99,44.5685,0.9972,80.4816,11.6151,0.1443,78.2687,12.2413,0.1564,82.8395,10.7032,0.1292,1
E07000149,South Norfolk,2020,83.5,79.91,2.8,19.7531,1.704,97.53,3.17,11.235,21.88,8.28,24.5,36.62,97.23,69.5962,0.9508,83.6665,9.8681,0.1179,82.2585,10.2953,0.1252,85.0889,9.4033,0.1105,2
E07000163,Craven,2020,75,57.65,4.46,18.75,3.25,71.88,3.4887,11.5148,24.86,7.27,23.5,35.46,95.02,73.1928,0.936,84.523,9.1097,0.1078,82.8926,9.4534,0.114,86.0364,8.7272,0.1014,3
E07000164,Hambleton,2020,77.2,65.88,5.31,15.3846,2.0435,82.69,3.3871,10.3691,22.99,7.83,30.6,36.52,95.58,70.7635,0.9636,84.0397,9.8022,0.1166,82.5958,10.0543,0.1217,85.4554,9.4736,0.1109,3
E07000165,Harrogate,2020,81.3,67.56,3.86,9.6154,3.0441,64.42,3.52,11.5327,20.08,7.62,20,37.93,95.36,67.1843,0.9623,83.6321,9.8694,0.118,82.0002,10.4456,0.1274,85.2213,9.2289,0.1083,2
E07000166,Richmondshire,2020,73.4,53.53,5.05,11.7647,3.1087,100,3.4826,10.0894,24.22,8.19,24.8,34.85,92.98,58.9971,1.1474,83.4841,9.6209,0.1152,81.7619,10.2498,0.1254,85.273,8.8778,0.1041,3
E07000167,Ryedale,2020,77.4,67.42,4.89,36.6667,2.942,100,3.2841,10.5302,28.02,8.17,35.5,41.14,94.81,72.2222,0.951,84.1091,9.9656,0.1185,81.8044,10.5743,0.1293,86.4777,9.3153,0.1077,3
E07000168,Scarborough,2020,77.5,81.04,5.64,61.9718,2.9774,84.51,3.67,8.1339,32.67,9.44,29.3,38.08,95.04,74.7588,0.948,80.8057,11.3463,0.1404,78.3516,12.2242,0.156,83.3462,10.2863,0.1234,3
E07000169,Selby,2020,72.6,58.44,9.14,14,3.2224,92,3.05,8.0213,23.89,7.85,27.8,38.7,93.67,61.0526,0.9615,82.9692,10.1996,0.1229,80.9403,10.8192,0.1337,85.1216,9.4864,0.1114,3
E07000170,Ashfield,2020,79.5,64.83,6.32,64.8649,1.7981,32.43,2.49,6.7279,27.33,12.07,20.7,32.47,95.24,59.3284,0.9647,80.2934,10.7459,0.1338,78.5574,11.0635,0.1408,82.082,10.3132,0.1256,1
E07000171,Bassetlaw,2020,80.8,64.15,9.19,47.1429,3.65,75.71,2.95,7.6393,27.83,10.28,21.8,35.64,94.86,64.624,0.9832,80.9208,10.6936,0.1321,79.3015,11.3931,0.1437,82.6227,9.9983,0.121,3
E07000172,Broxtowe,2020,78.9,66.67,4.73,28.169,2.1562,76.06,2.93,7.5395,22.59,8.28,28.3,36.56,97.09,59.388,0.993,82.2301,10.0021,0.1216,80.9527,10.3386,0.1277,83.5067,9.677,0.1159,3
E07000173,Gedling,2020,80.4,69.29,4.63,37.6623,2.1818,40.26,3.71,8.5097,22.72,10.29,28.3,38.16,95.09,60.9823,0.9472,82.0388,10.0825,0.1229,80.0576,10.9012,0.1362,84.0273,9.1897,0.1094,3
E07000174,Mansfield,2020,76.4,61.45,9.05,64.1791,3.2688,62.69,3.1,6.7404,28.22,11.03,29.4,32.05,96.43,60.2339,0.9712,79.6466,10.7964,0.1356,78.0103,10.9895,0.1409,81.3587,10.5185,0.1293,1
E07000175,Newark and Sherwood,2020,74.2,67.25,4.63,40,3.5199,80,3.87,8.394,25.51,9.55,37.1,36.96,93.49,64.6195,0.9634,81.87,10.3417,0.1263,80.2388,10.7907,0.1345,83.5612,9.8066,0.1174,3
E07000176,Rushcliffe,2020,77.4,84.68,1.89,4.4118,2.25,77.94,3.3,10.5983,15.07,6.61,20.9,43.32,92.62,61.5691,0.9756,83.8728,9.9519,0.1187,82.7855,10.1348,0.1224,84.9742,9.7553,0.1148,2
E07000177,Cherwell,2020,79.3,78.38,5.85,16.129,2.2449,68.82,2.97,10.5791,22.74,13.91,15.9,38.78,94.04,59.7895,0.9791,83.1069,10.0807,0.1213,81.3084,10.4816,0.1289,84.9694,9.625,0.1133,2
E07000178,Oxford,2020,79.7,79.24,4.45,15.6627,3.549,22.89,3.04,15.8981,26.26,12.07,7.9,41.86,80.72,41.3246,1.0584,82.6317,10.8428,0.1312,80.6494,11.2874,0.14,84.6623,10.1969,0.1204,4
E07000179,South Oxfordshire,2020,89.6,69.84,2.38,2.2472,2.9207,92.13,3.36,12.255,16.94,12.61,13,38,95.62,64.7597,0.9753,84.8204,9.59,0.1131,83.1564,10.0231,0.1205,86.4768,9.1049,0.1053,2
E07000180,Vale of White Horse,2020,85.9,76.87,2.49,3.9474,2.2472,98.68,3.37,11.1739,16.29,9.09,6.3,37.95,95.52,62,0.9957,84.4206,9.5524,0.1132,82.7554,9.7797,0.1182,86.1513,9.2565,0.1074,2
E07000181,West Oxfordshire,2020,78.8,73.4,6.13,6.0606,2.4346,83.33,2.96,13.4838,18.16,8.76,14,38.61,96.26,64.6539,0.9683,83.9637,9.7722,0.1164,81.9943,10.5345,0.1285,85.9628,8.9385,0.104,2
E07000187,Mendip,2020,84.7,62.21,4.27,16.6667,2.6551,100,3.86,12.7233,25.89,10.13,26.6,35.64,95.43,68.4515,0.9497,83.4657,9.7076,0.1163,81.8451,10.3288,0.1262,85.0408,9.1009,0.107,3
E07000188,Sedgemoor,2020,79.6,70.54,4.38,44.2857,2.7201,91.43,3.27,10.3584,29.6,13.01,29.2,34.38,94.52,68.8098,0.9712,82.0738,10.3566,0.1262,80.0751,11.0413,0.1379,84.1547,9.5468,0.1134,3
E07000189,South Somerset,2020,77.5,66.79,6.74,28.1553,2.8098,78.64,3.3,9.8635,25.08,12.36,19.1,36.18,95.17,73.4086,0.9594,83.4114,10.0297,0.1202,81.505,10.6217,0.1303,85.3854,9.3263,0.1092,3
E07000192,Cannock Chase,2020,84.5,58.12,4.23,48.3333,1.7296,55,2.75,7.8334,32.19,9.58,28.8,33.66,94.5,56.6358,0.9786,80.6394,11.1361,0.1381,78.2423,11.7371,0.15,83.1995,10.3337,0.1242,3
E07000193,East Staffordshire,2020,80.8,65.56,3.8,34.7222,4.5685,52.78,2.67,8.1188,34.36,9.5,22.2,31.83,95.32,60.2649,1.0167,80.5296,10.9273,0.1357,78.5054,11.2659,0.1435,82.7,10.4011,0.1258,3
E07000194,Lichfield,2020,77.3,66.36,2.49,18.9655,2.56,94.83,3.01,8.9653,25.6,7.56,21.9,36.43,95.67,66.5615,0.9738,82.746,9.9359,0.1201,81.3478,10.3415,0.1271,84.1396,9.5361,0.1133,3
E07000195,Newcastle-under-Lyme,2020,71,66.02,8.03,38.75,4.4505,61.25,2.64,6.6672,30.61,9.53,26.2,35.27,94.74,55.5156,0.9862,80.5339,11.3363,0.1408,78.4108,12.0215,0.1533,82.7968,10.4506,0.1262,1
E07000196,South Staffordshire,2020,80.9,58.31,5.76,25,2.1286,89.71,2.92,8.2025,27.01,8.6,22.6,32.6,94.12,65.1471,1.0018,82.1112,10.3274,0.1258,80.3739,10.7232,0.1334,83.9558,9.7829,0.1165,3
E07000197,Stafford,2020,79.4,77.82,8.19,22.5,2.4275,70,2.83,8.2956,25.67,7.57,22.8,38.54,95.5,63.2266,0.9942,82.6153,10.2386,0.1239,80.4347,11.1743,0.1389,84.8989,9.1619,0.1079,3
E07000198,Staffordshire Moorlands,2020,77.6,66.87,4.81,25.4237,2.6642,98.31,2.77,7.3105,26.93,7.49,22.9,34.82,95.97,67.4576,0.9681,82.5532,9.9312,0.1203,81.163,10.0808,0.1242,83.9513,9.7392,0.116,3
E07000199,Tamworth,2020,83.7,51.83,6.25,45.098,1.4306,88.24,2.9662,9.124,31.49,10.7,32.2,30.33,92.98,59.7077,0.9615,81.3031,10.4123,0.1281,79.4302,10.8238,0.1363,83.2618,9.8523,0.1183,3
E07000200,Babergh,2020,79,61.24,4.31,25.9259,2.2626,100,3.4669,12.2399,25.4,9.5,30.4,35.38,95.19,72.3562,0.9517,84.1156,9.4244,0.112,82.4497,10.0807,0.1223,85.7199,8.7288,0.1018,3
E07000202,Ipswich,2020,73.9,68.47,7.6,44.7059,1.9091,50.59,3.29,8.9674,34.33,12.22,20.3,33.6,96.38,57.4074,1,81.5323,10.9039,0.1337,79.6211,11.6772,0.1467,83.5428,9.9755,0.1194,1
E07000203,Mid Suffolk,2020,85.6,63.16,2.57,12.5,2.4478,100,3.29,11.5445,22.19,8.59,20.7,35.76,95.3,67.1474,0.9754,84.4828,9.1477,0.1083,83.0136,9.4214,0.1135,85.9946,8.8537,0.103,2
E07000207,Elmbridge,2020,77.8,68.32,3.9,2.4691,3.1913,80.25,3.9424,19.8827,12.39,9.18,20.9,39.59,95.65,65.9008,0.9406,84.5018,9.7446,0.1153,82.9878,10.3295,0.1245,85.9271,9.1985,0.107,2
E07000208,Epsom and Ewell,2020,82.8,77.79,2.73,2.2727,1.9314,45.45,3.5451,17.8629,13.55,11.32,14.4936,38.22,96.46,61.2326,0.9402,84.3373,9.7623,0.1158,82.9798,10.379,0.1251,85.6187,9.1099,0.1064,2
E07000209,Guildford,2020,80.4,77.48,4.97,2.381,2.8788,69.05,3.4094,14.163,17.07,8.87,12.1,37.3,96.84,49.4036,1.0094,84.4652,9.6434,0.1142,83.3869,9.9788,0.1197,85.527,9.2698,0.1084,2
E07000210,Mole Valley,2020,82.9,69.73,2.73,3.7037,2.1733,85.19,3.8182,21.6732,17.05,8.99,12.8,37.46,96.98,67.2414,0.953,84.1785,9.7493,0.1158,82.4373,10.4085,0.1263,85.8578,9.1304,0.1063,2
E07000211,Reigate and Banstead,2020,85.4,63.73,3.53,8.1395,1.993,60.47,3.22,13.3538,18.62,10.48,22,37.67,95.73,60.9071,0.9554,83.1592,9.7417,0.1171,81.6947,10.1749,0.1245,84.6317,9.3337,0.1103,2
E07000212,Runnymede,2020,80.3,73.96,5.07,9.6154,2.4026,90.38,3.1726,13.9325,19.82,11.84,14.3378,36.44,93.93,50.2496,0.9545,83.3407,10.2162,0.1226,81.4995,10.8546,0.1332,85.2195,9.4206,0.1105,2
E07000213,Spelthorne,2020,84.2,63.85,3.36,13.3333,1.6804,55,3.03,13.982,21.61,10.3,18.8,33.85,92,59.7444,0.9646,82.7758,10.2847,0.1242,80.879,10.6476,0.1316,84.6983,9.6974,0.1145,2
E07000214,Surrey Heath,2020,83.1,52.54,3.65,5.4545,2.1061,74.55,3.18,12.3675,17.48,9.75,10.4,34.74,94.53,61.1212,0.9712,84.0282,9.3026,0.1107,82.4713,9.8247,0.1191,85.5463,8.7395,0.1022,2
E07000215,Tandridge,2020,77.9,69.49,4.66,0,3.969,100,3.3902,12.1859,18.11,9.11,20.2085,41.66,90.51,64.4444,0.9431,83.5591,9.7246,0.1164,81.3735,10.3858,0.1276,85.7436,9.0052,0.105,2
E07000216,Waverley,2020,81,78.64,2.26,1.2195,2.3973,89.02,3.6619,16.4463,15.54,9.22,17.2,39.07,94.63,69.3029,0.9581,84.655,9.6279,0.1137,82.7984,10.3222,0.1247,86.4322,8.8216,0.1021,2
E07000217,Woking,2020,77.7,77.26,4.53,4.918,2.2188,90.16,3.2114,13.1537,22.02,9.54,13.6,39.53,94.56,61.0306,1,83.0254,10.833,0.1305,81.463,11.7295,0.144,84.6579,9.8899,0.1168,2
E07000218,North Warwickshire,2020,78.5,62.34,6.65,31.5789,3.0143,92.11,2.9652,8.5073,29.53,8.53,15.9,32.56,94.24,61.7284,0.9789,81.3223,10.0067,0.1231,79.3518,10.5073,0.1324,83.3582,9.4375,0.1132,3
E07000219,Nuneaton and Bedworth,2020,78.7,75.71,6.56,49.3827,1.9192,34.57,2.76,7.9865,31.8,11.32,33.9,34.22,97.44,61.2144,0.9653,80.0269,11.1094,0.1388,78.1448,11.5673,0.148,81.9763,10.5193,0.1283,1
E07000220,Rugby,2020,82,82.51,5.46,21.3115,3.0452,78.69,3.01,8.8408,24.95,10.23,21,39.51,94.83,61.3703,0.991,82.2848,10.79,0.1311,80.1416,11.4691,0.1431,84.5583,9.9676,0.1179,2
E07000221,Stratford-on-Avon,2020,84.1,77.84,2.48,6.8493,3.6577,83.56,3.5,11.5737,22.82,8.31,17.1,41.08,92.27,69.9104,0.9457,83.7589,10.0256,0.1197,81.7652,10.883,0.1331,85.7553,9.0812,0.1059,2
E07000222,Warwick,2020,81.4,85.04,4.18,11.6279,1.9456,46.51,3.6,10.5897,21.42,8.59,16.3,39.31,94.44,53.9362,1.0042,82.7278,10.3563,0.1252,81.0058,10.8187,0.1336,84.5071,9.7809,0.1157,2
E07000223,Adur,2020,85.9,61.56,3.57,47.619,1.6982,40.48,3.2984,12.7201,27.17,9.66,27.6,34.66,95.69,69.657,0.9367,83.434,9.9373,0.1191,81.8226,10.3106,0.126,84.931,9.5237,0.1121,3
E07000224,Arun,2020,73.4,69.75,8.06,53.1915,2.7391,87.23,3,13.4144,28,8.23,31.8,35.72,92.21,79.6875,0.9258,81.8533,10.9383,0.1336,79.889,11.6106,0.1453,83.7804,10.1354,0.121,3
E07000225,Chichester,2020,78.9,53.26,3.74,15.493,2.5698,84.51,3.87,16.9035,23.75,9.55,23.5,33.89,95.53,76.3425,0.9255,83.4693,9.8408,0.1179,81.4336,10.3475,0.1271,85.491,9.2111,0.1077,2
E07000226,Crawley,2020,82,44,4.26,37.8788,1.4834,18.18,3.03,10.6396,31.98,12.8,13.4,32.45,95.81,53.2698,1.0089,82.392,10.7926,0.131,80.301,11.0375,0.1375,84.6056,10.384,0.1227,3
E07000227,Horsham,2020,82.5,79.76,2.47,2.4691,1.8541,87.65,3.91,15.8632,18.83,8.5,20.5,37.4,98.41,66.3242,0.9427,84.5746,9.5654,0.1131,82.8067,9.9612,0.1203,86.3055,9.1058,0.1055,2
E07000228,Mid Sussex,2020,75.9,82.63,7.21,3.4884,2.345,86.05,2.98,13.977,16.32,8.54,15.4,39.58,94.8,63.9397,0.9501,83.7289,9.6444,0.1152,81.7844,10.4512,0.1278,85.6534,8.7721,0.1024,2
E07000229,Worthing,2020,84.6,70.09,2.63,30.7692,2.0585,61.54,2.66,11.6185,25.12,10.69,14.5,33.59,96.43,64.7321,0.9319,81.6146,10.3797,0.1272,80.2937,10.8738,0.1354,82.8327,9.8636,0.1191,2
E07000234,Bromsgrove,2020,79.7,83.08,4.97,10.3448,3.4459,94.83,3.3252,11.2393,21.43,9.1,24.9,38.06,95.39,66.8874,0.9611,82.9718,9.5652,0.1153,81.1311,10.3238,0.1272,84.87,8.7433,0.103,2
E07000235,Malvern Hills,2020,69.5,65.91,6.21,15.5556,1.7619,95.56,3.5731,13.6467,26.38,7.42,28.9,32.89,97.45,75.6637,0.9557,82.961,9.9556,0.12,81.8199,10.4378,0.1276,84.0929,9.4104,0.1119,3
E07000236,Redditch,2020,78.8,59.29,4.16,38.1818,2.0936,40,2.54,10.2684,32.13,8.73,27,36,96.07,60.0746,0.9953,81.1978,10.7437,0.1323,79.5963,10.8745,0.1366,82.9515,10.5912,0.1277,3
E07000237,Worcester,2020,80.9,67.13,5.21,23.8095,1.697,44.44,2.86,9.2488,33.4,10.5,19.3,32.17,95.35,53.681,0.9686,81.2249,10.7407,0.1322,79.8216,10.9971,0.1378,82.662,10.3273,0.1249,3
E07000238,Wychavon,2020,81.1,79.08,3.36,20.5128,2.88,97.44,3.3,12.0053,26.48,7.68,25.2,39.99,95.75,70.2597,0.9567,82.8947,10.6951,0.129,81.0055,11.4157,0.1409,84.848,9.9261,0.117,2
E07000239,Wyre Forest,2020,79.7,70.45,4.15,38.4615,1.8706,47.69,2.95,8.2892,32.97,9.78,31.7,34.45,97.84,69.8492,0.9689,80.8629,10.8707,0.1344,78.8748,11.5723,0.1467,82.9417,10.0338,0.121,3
E07000240,St Albans,2020,77.7,82.93,3.51,0,2.1885,51.72,3.5303,15.0397,16.29,7.58,20.3,42.75,93.51,61.6468,0.9606,84.2614,9.7169,0.1153,82.514,10.4794,0.127,85.9712,8.928,0.1038,2
E07000241,Welwyn Hatfield,2020,79.9,73.97,2.21,10.4478,2.4576,41.79,3.2441,13.8107,21.15,10.29,13.7,35.91,98.45,49.9395,0.9777,82.8504,10.1825,0.1229,81.4752,10.6501,0.1307,84.2013,9.6544,0.1147,2
E07000242,East Hertfordshire,2020,79.3,76.65,3.18,5.9524,2.2123,51.19,3.85,12.8574,16.29,7.39,18.2,38.31,98.52,57.9167,0.9587,83.9474,9.6502,0.115,82.1706,10.343,0.1259,85.7177,8.8625,0.1034,2
E07000243,Stevenage,2020,82.2,64.9,3.39,25,1.3467,28.85,2.9352,10.9058,27.89,12.26,16.8,35.48,96.05,54.2907,0.9842,81.8519,10.4607,0.1278,80.4907,10.7152,0.1331,83.1911,10.1569,0.1221,3
E07000244,East Suffolk,2020,77.9,75.61,3.43,51.3699,3.98,92.47,3.2,10.3701,27.16,9.84,24.7,34.58,98.66,76.09,0.9456,82.4838,10.5713,0.1282,80.7927,11.0237,0.1364,84.2437,10.0413,0.1192,3
E07000245,West Suffolk,2020,81.6,77.67,5.25,26,3.2694,84,3.14,10.0236,21.67,10.02,19.6,35.3,98.68,65.7009,1.0148,83.174,10.0293,0.1206,81.6227,10.4661,0.1282,84.7967,9.5094,0.1121,2
E07000246,Somerset West and Taunton,2020,77.2,72.47,2.71,32.9545,2.6471,73.86,2.75,10.2354,27,15.35,20.5,38.27,94.97,73.1626,0.9413,82.6295,10.369,0.1255,80.5471,11.2722,0.1399,84.7264,9.366,0.1105,3
E08000001,Bolton,2020,68.5,75.7,6.07,53.6723,3.1173,45.76,3.12,6.3421,37.02,14.13,24.8,37.49,97.44,60.4897,0.9862,79.3973,11.7473,0.148,77.4236,12.5202,0.1617,81.5092,10.883,0.1335,1
E08000002,Bury,2020,74.8,84.09,4.97,26.6667,2.2941,55,3.11,6.9861,32.1,14.05,22.6,39.08,96.27,59.7152,0.968,80.1323,11.1452,0.1391,78.255,11.9509,0.1527,82.0939,10.2831,0.1253,1
E08000003,Manchester,2020,67.7,79.89,6.53,52.8369,3.0435,17.38,3.23,8.9017,41.8,17.2,14.8,30.83,92.36,39.7987,1.0363,77.5731,11.9865,0.1545,75.4501,12.5363,0.1662,79.8921,11.1674,0.1398,1
E08000004,Oldham,2020,70.5,74.11,7.08,60.2837,3.4974,32.62,2.52,6.6806,37.51,12.22,22.9,37.42,97.07,59.396,0.9742,78.6371,11.8821,0.1511,77.1126,12.2045,0.1583,80.1984,11.4906,0.1433,1
E08000005,Rochdale,2020,70.6,74.84,5.47,56.7164,3.2653,65.67,3.1,6.6705,35.96,14.37,25.8,33.68,97.83,58.6648,0.9805,78.7861,11.6891,0.1484,76.5857,12.3075,0.1607,81.1217,10.898,0.1343,1
E08000006,Salford,2020,75.4,80.02,6.35,54.6667,2.32,36,2.84,7.9144,34.12,12.49,14.3,31.51,95.62,49.4881,1.0247,78.8943,11.5433,0.1463,77.0206,12.1023,0.1571,80.9493,10.7937,0.1333,1
E08000007,Stockport,2020,75.6,82.91,5.56,20.5263,3,61.05,3.17,9.4325,25.41,9.07,20.1,37.3,96.43,62.2381,0.9659,81.6942,10.9436,0.134,79.6577,11.455,0.1438,83.7984,10.2693,0.1225,2
E08000008,Tameside,2020,74.3,74.58,6.59,58.8652,1.6087,47.52,2.35,7.1865,33.38,11.07,32.1,32.26,96.66,57.968,0.9722,78.806,11.134,0.1413,77.1609,11.615,0.1505,80.5159,10.5501,0.131,1
E08000009,Trafford,2020,80.4,85.17,4.21,21.0145,3.2703,28.26,3.65,10.972,22.55,8.32,22.9,39.15,95.9,59.8118,0.9572,82.2499,10.4053,0.1265,80.2805,11.0097,0.1371,84.2034,9.6714,0.1149,2
E08000010,Wigan,2020,77.8,79.97,6.96,50,2.421,67.5,3.06,6.1205,29.33,11.44,24.6,35.19,96.06,58.0861,0.994,79.5905,11.2814,0.1417,77.8319,11.6289,0.1494,81.4728,10.8285,0.1329,1
E08000011,Knowsley,2020,76.4,73.57,7.45,69.3878,1.95,42.86,2.84,6.8342,32.13,15.2,15.2,37.14,96.51,57.6008,0.905,77.9514,11.6314,0.1492,76.2409,12.2046,0.1601,79.5863,11.044,0.1388,1
E08000012,Liverpool,2020,69.2,73.56,9.47,60.4027,3.875,17.45,3.06,5.56,34.15,14.35,16.1,33.61,96.12,45.6503,1.0008,77.9883,11.6409,0.1493,76.2659,12.0134,0.1575,79.777,11.121,0.1394,1
E08000013,St. Helens,2020,74.8,83.19,6.09,56.3025,2.7517,36.97,2.75,5.7161,29.09,10.62,29.1,35.96,94.81,60.7808,0.9717,79.1403,11.398,0.144,77.07,12.2146,0.1585,81.2878,10.3994,0.1279,1
E08000014,Sefton,2020,75.7,88.67,4.53,40.7407,5.3704,39.15,3.1,7.7338,27.14,12.24,27.5,37.3,96.36,67.0702,0.9287,80.1236,11.3419,0.1416,77.882,11.7805,0.1513,82.3348,10.6924,0.1299,1
E08000015,Wirral,2020,74.4,83.02,5.23,40.2913,5.9386,26.21,3.18,6.9942,27.15,9.4,24,38.66,97.16,64.9873,0.9378,79.9035,11.3163,0.1416,77.9059,11.8728,0.1524,81.8989,10.6266,0.1298,1
E08000016,Barnsley,2020,73.3,77.56,7.11,66.6667,3.1968,74.83,2.78,6.0812,33.33,11.31,23.8,31.67,96.4,59.1784,0.9745,79.0511,11.2298,0.1421,77.1774,11.6979,0.1516,81.0084,10.6176,0.1311,1
E08000017,Doncaster,2020,72.1,69.63,6.15,62.3711,2.5735,72.68,3,5.6904,34.68,11.3,28.7,34.03,94.24,59.8876,0.9892,79.5338,11.2796,0.1418,77.8872,11.7172,0.1504,81.2526,10.7351,0.1321,1
E08000018,Rotherham,2020,71.3,82.73,7.52,60.479,2.6081,54.49,3.04,7.0355,34.28,9.91,21.6,34.13,95.31,61.3276,0.9681,79.4359,11.2153,0.1412,77.8324,11.7493,0.151,81.0747,10.5801,0.1305,1
E08000019,Sheffield,2020,73.3,80.52,5.51,45.2174,4.3372,42.61,3.13,6.9444,35.52,11.43,22.4,35.26,93.06,49.1895,0.9946,80.7936,10.8421,0.1342,78.9825,11.4203,0.1446,82.6472,10.1064,0.1223,1
E08000021,Newcastle upon Tyne,2020,66.8,78.33,5.5,53.1429,4.5238,14.29,3.49,7.2278,41.16,14.71,16.9,34.01,93.58,44.4915,1.0284,79.8394,11.2669,0.1411,77.7923,11.8846,0.1528,82.0622,10.4316,0.1271,1
E08000022,North Tyneside,2020,78.3,83.29,4.68,49.6183,3.0486,22.14,2.79,7.0891,34.05,9.75,23.5,36.49,94.69,59.6183,0.9379,80.6693,10.7078,0.1327,78.5476,11.3768,0.1448,82.782,9.9086,0.1197,1
E08000023,South Tyneside,2020,69.9,79.63,6.08,68.6275,2.8824,44.12,2.49,6.3738,37.79,13.79,24.6,34.99,95.46,59.3256,0.9434,79.4751,11.3555,0.1429,77.3813,11.957,0.1545,81.5783,10.6129,0.1301,1
E08000024,Sunderland,2020,71.5,79.83,9.6,68.1081,3.5398,36.76,2.42,5.6606,37.63,13.6,16.1,32.31,96.17,57.5156,0.9515,78.8935,11.3939,0.1444,76.7358,11.9996,0.1564,81.0583,10.6095,0.1309,1
E08000025,Birmingham,2020,66.2,77.81,4.99,58.6854,3.8889,26.92,3.07,8.1253,42.46,12.38,17.7,34.12,96.17,52.2087,0.9862,79.2566,11.9892,0.1513,76.9322,12.59,0.1637,81.681,11.1473,0.1365,1
E08000026,Coventry,2020,72.5,79.12,4.94,45.1282,2.4067,45.64,2.7,7.5877,36.46,12.26,18.1,33.43,94.66,45.9792,1.0376,80.0356,11.522,0.144,77.9879,12.3023,0.1577,82.2098,10.4976,0.1277,1
E08000027,Dudley,2020,73,73.48,6.03,52.7363,2.02,30.85,2.71,6.9696,36.51,11.71,25.8,33.81,97.57,62.5,0.9599,81.1555,10.7945,0.133,79.3634,11.2104,0.1413,82.999,10.2489,0.1235,1
E08000028,Sandwell,2020,70.2,62.65,5.8,79.5699,1.4964,15.05,2.6,7.1939,39.97,13.39,25.3,28.28,96.88,57.3136,0.9933,78.5746,11.65,0.1483,76.206,12.3281,0.1618,81.0829,10.6795,0.1317,1
E08000029,Solihull,2020,76.8,82.33,3.67,27.6119,3.1872,38.81,2.96,10.2845,25.79,7.78,19.2,37.66,95.81,65.2504,0.9499,82.4383,10.4507,0.1268,80.4618,11.0864,0.1378,84.407,9.6594,0.1144,2
E08000030,Walsall,2020,73.6,74.77,3.7,71.2575,2.5435,17.37,2.73,6.9251,38.89,11.61,23.8,32.44,96.96,61.1454,0.9684,79.8131,11.3808,0.1426,77.8155,11.8462,0.1522,81.8628,10.7208,0.131,1
E08000031,Wolverhampton,2020,70.5,71.73,6.57,67.7215,2,41.77,2.21,7.4077,38.92,11.09,19,30.49,92.05,58.4883,0.9925,79.0353,11.3641,0.1438,76.7706,11.9293,0.1554,81.4338,10.562,0.1297,1
E08000032,Bradford,2020,65.8,71.21,4.19,56.4516,7.4,45.16,2.92,6.0793,37.75,11.83,19.7,35.09,94.3,59.4062,0.9734,79.5688,11.6109,0.1459,77.357,12.245,0.1583,81.881,10.7603,0.1314,1
E08000033,Calderdale,2020,71.3,78.85,6.48,36.7188,2.8986,41.41,2.61,6.0839,33.98,12.06,17.7,33.88,98.46,59.1867,0.9647,80.708,11.0787,0.1373,78.8393,11.5226,0.1462,82.6407,10.4765,0.1268,1
E08000034,Kirklees,2020,73.6,72.55,6.15,45.5598,2.2087,57.14,3.09,6.873,36.14,12.02,28.5,35.14,94.91,58.4621,0.9865,80.5118,11.2451,0.1397,78.8312,11.7808,0.1494,82.2503,10.5938,0.1288,1
E08000035,Leeds,2020,78,83.52,4.12,40.0415,3.855,40.46,2.88,7.6339,35.34,7.56,17.7,35.51,95.22,51.0872,0.9624,80.2744,11.3216,0.141,78.2448,11.8969,0.152,82.3382,10.5664,0.1283,1
E08000036,Wakefield,2020,73.5,77.31,8.38,61.7225,1.9068,51.2,2.55,7.2131,31.66,9.7,20.9,33.43,96.79,59.1135,0.9676,79.5168,11.5018,0.1446,77.5604,11.9902,0.1546,81.5615,10.8624,0.1332,1
E08000037,Gateshead,2020,75.1,75.97,7.43,62.6984,2.2487,35.71,2.65,6.4322,35.95,12.16,23.6,33.56,96.34,56.2597,0.9727,79.7335,11.3827,0.1428,77.6333,12.1242,0.1562,81.9151,10.4592,0.1277,1
E09000001,City of London,2020,81.7,86.57,3.1,0,1.4196,0,3.1272,14.45,12.89,11.43,4.2,41.41,94.97,41.5339,0.9599,82.5558,10.2948,0.125,80.6912,10.8183,0.1345,84.4373,9.6724,0.1148,2
E09000002,Barking and Dagenham,2020,66.7,77.59,5.72,76.3636,1.81,18.18,3.28,12.2187,48.12,16.58,29.8,29.83,96.73,54.434,0.9963,79.2945,11.6475,0.1469,77.0879,12.053,0.1564,81.5573,11.0025,0.1349,1
E09000003,Barnet,2020,76.7,89.55,3.62,13.2701,2.4935,26.07,3.61,19.1525,30.93,10.51,31.4,42.01,95.38,53.3051,0.9945,83.7946,10.3534,0.1236,81.7497,11.0646,0.1353,85.8694,9.5327,0.111,4
E09000004,Bexley,2020,79.2,80.3,4,25.3425,1.5,39.04,3.57,11.4444,31.63,10.93,41.2,37.19,95.8,56.0426,0.9363,82.1419,10.515,0.128,80.1652,10.9536,0.1366,84.0423,9.9323,0.1182,3
E09000005,Brent,2020,70.1,77.54,3.29,41.0405,2.6667,10.98,3.4,18.0877,39.95,15.18,21.6,34.66,97.34,49.6574,1.0488,82.3963,11.4004,0.1384,80.0276,12.1228,0.1515,84.8498,10.3602,0.1221,4
E09000006,Bromley,2020,77.5,89.95,3.79,14.2132,1.9137,44.16,3.39,13.1823,25.88,11.99,32.7,40.11,97.21,57.9972,0.9299,83.7193,10.1118,0.1208,82.0032,10.462,0.1276,85.361,9.6759,0.1134,2
E09000007,Camden,2020,70.7,76.96,4.75,14.2857,2.0936,0.75,3.3498,23.4289,37.23,15.6,13.5,40.84,93.97,39.7801,1.0446,84.5199,11.4237,0.1352,82.3215,11.994,0.1457,86.7601,10.6462,0.1227,4
E09000008,Croydon,2020,77.4,81.06,2.79,21.3636,1.7436,25,3.61,13.6184,36.41,12.11,28.3,40.28,96.52,53.1915,0.944,81.8926,11.1982,0.1367,79.7394,11.9712,0.1501,84.0282,10.3071,0.1227,4
E09000009,Ealing,2020,72.3,80.06,3.52,32.6531,2.1898,16.84,3.32,16.1383,38.49,13.91,27.1,36.33,97.85,51.7626,1.0172,82.0481,11.2134,0.1367,79.8044,12.1297,0.152,84.3565,10.0475,0.1191,4
E09000010,Enfield,2020,68.4,79.36,5.05,42.0765,2.2137,12.02,3.92,16.3085,37.43,12.09,33.4,40.2,93.35,53.5451,0.9641,82.4493,11.1442,0.1352,80.184,11.897,0.1484,84.6814,10.1966,0.1204,4
E09000011,Greenwich,2020,75.5,81.95,4.38,38.4106,2.0213,23.84,3.48,14.3385,41.96,16.85,28,37.16,95.4,45.9364,1.0203,80.9034,11.6129,0.1435,79.1268,12.3234,0.1557,82.759,10.7852,0.1303,4
E09000012,Hackney,2020,73,80.62,6.64,29.8611,2.375,0,3.62,19.4395,47.9,15.46,22.1,37.34,92.3,37.9666,1.0007,80.8185,11.795,0.1459,78.3247,12.5674,0.1605,83.3959,10.778,0.1292,4
E09000013,Hammersmith and Fulham,2020,76.9,88.43,2.83,9.7345,2.5509,0,2.59,20.9138,34.02,19,16.9,40.2,95.9,40.5819,0.987,81.4289,11.6138,0.1426,78.7114,12.415,0.1577,84.0867,10.5554,0.1255,4
E09000014,Haringey,2020,76.5,88.77,5.13,29.6552,2.8264,0.69,3.44,17.1841,40.56,15.01,26.9,40.53,93.67,42.3385,1.032,82.0081,11.554,0.1409,79.4888,12.2912,0.1546,84.5498,10.5713,0.125,4
E09000015,Harrow,2020,72.7,84.7,1.72,10.9489,2,16.79,3.24,14.9535,35.3,13.15,39.6,41.56,96.14,56.9298,1.0104,83.6643,10.6604,0.1274,81.7653,11.5027,0.1407,85.5732,9.6549,0.1128,4
E09000016,Havering,2020,77.7,76.53,3.17,36,1.7904,62.67,3.35,12.4141,34.28,12.43,28.3,31.74,98.29,59.0854,0.9297,81.6431,10.3356,0.1266,79.6674,10.8306,0.1359,83.56,9.6944,0.116,3
E09000017,Hillingdon,2020,74.8,73.95,4.5,21.118,2.0745,26.71,2.9,14.5809,35.25,15.1,26.2,36.49,94.54,52.191,1.0189,81.9788,10.8349,0.1322,80.0019,11.6391,0.1455,84.0408,9.8728,0.1175,4
E09000018,Hounslow,2020,73.3,74.19,7.22,25.3521,3.4583,26.06,3.38,14.6863,40.94,13.07,24.9,34.19,96.74,50.1382,1.0436,81.7532,11.2622,0.1378,79.6609,11.9699,0.1503,83.9936,10.3248,0.1229,4
E09000019,Islington,2020,76.2,81.7,4.64,12.1951,1.8107,0,3.12,17.231,42.67,16.65,12.4,36.56,89.76,31.1839,1.0195,81.3312,11.1975,0.1377,79.3617,11.855,0.1494,83.3468,10.3477,0.1242,4
E09000020,Kensington and Chelsea,2020,70.5,83.42,4.04,15.534,4.1667,4.85,3.7131,21.6816,24.37,11.81,21.5,45.57,93.96,47.2846,1.0089,85.4242,10.4187,0.122,83.4441,11.3353,0.1358,87.3128,9.4245,0.1079,4
E09000021,Kingston upon Thames,2020,78.3,84.73,2.51,3.0612,2.1851,24.49,3.2641,14.0796,22.75,14.56,22.8,39.44,95.97,49.5413,0.9856,83.6916,10.2104,0.122,81.9637,10.8238,0.1321,85.4091,9.4407,0.1105,4
E09000022,Lambeth,2020,77.6,85.94,4.67,12.3596,2.0864,1.12,3.14,15.6979,42.57,12.96,19.4,33.69,94.01,33.4716,1.0188,81.4335,11.325,0.1391,79.1035,11.6331,0.1471,83.797,10.709,0.1278,4
E09000023,Lewisham,2020,82.5,91.29,3.09,24.2604,1.7954,10.06,3.17,14.1795,39.02,15.9,24.6,37.87,92.69,40.6452,0.9831,81.0439,11.2838,0.1392,78.8742,11.8185,0.1498,83.1793,10.5676,0.127,4
E09000024,Merton,2020,80.4,81.39,1.21,19.3548,3.6607,19.35,3.59,15.8405,35.54,14.6,34.6,38.38,96.91,49.0607,0.9761,82.6446,10.4056,0.1259,80.4744,11.2004,0.1392,84.795,9.4691,0.1117,4
E09000025,Newham,2020,70.1,75.39,4.86,49.3902,1.6118,1.83,3.21,14.667,50.02,16.56,27.1,30.45,96.93,40.4188,1.1397,80.4184,12.2418,0.1522,78.131,12.7738,0.1635,82.8486,11.358,0.1371,4
E09000026,Redbridge,2020,72,80.74,2.51,16.1491,3.2071,26.09,3.76,14.8049,39.73,15.46,39.3,36.1,96.71,51.6129,1.034,82.2528,10.8844,0.1323,80.2468,11.4671,0.1429,84.3249,10.0577,0.1193,4
E09000027,Richmond upon Thames,2020,79.8,89.76,2.52,1.7391,3.0978,12.17,3.5993,18.6364,17.19,12.41,21.6,42.76,95.95,55.739,0.9498,84.8546,9.9802,0.1176,83.245,10.4625,0.1257,86.4275,9.4144,0.1089,2
E09000028,Southwark,2020,79.1,89.49,3.4,21.6867,3.9933,1.81,3.39,15.9796,43.14,13.42,15.6,39.16,91.52,36.0969,1.0094,81.9747,11.3986,0.1391,79.724,12.0693,0.1514,84.2643,10.5092,0.1247,4
E09000029,Sutton,2020,79.6,80.69,3.83,10.7438,1.7616,25.62,3.11,14.0998,29.39,11.79,33.6,39.48,97.34,55.4226,0.9512,82.6265,10.4806,0.1268,80.6147,11.0667,0.1373,84.6117,9.8023,0.1159,4
E09000030,Tower Hamlets,2020,73.7,77.96,5.08,31.9444,1.8267,2.08,3.23,14.9102,55.78,16.87,8.4,31.49,95.58,34.6575,1.1079,81.2687,11.3516,0.1397,79.8788,11.6858,0.1463,82.7869,10.8693,0.1313,4
E09000031,Waltham Forest,2020,75.2,85.7,4.22,29.8611,1.5331,2.08,3.48,14.5075,45.34,13.43,35.6,36.63,96.53,46.9214,1.019,81.893,11.3411,0.1385,79.6269,11.8791,0.1492,84.2312,10.5658,0.1254,4
E09000032,Wandsworth,2020,83.8,90.37,2.44,3.9106,1.8,4.47,2.83,15.7537,30.67,14.58,28.5,40.6,95.32,37.1417,0.9214,82.4899,10.6829,0.1295,80.1651,11.3018,0.141,84.7909,9.8852,0.1166,4
E09000033,Westminster,2020,69,82.59,4.52,17.9688,4.9721,1.56,3.6873,23.294,28.04,12.96,13.6,44.65,90.92,40.0312,1.117,84.8391,10.8284,0.1276,83.1946,11.5986,0.1394,86.6058,10.0023,0.1155,4
S12000005,Clackmannanshire,2020,71.5,76.04,7.69,54.1667,1.7429,55.56,2.55,4.9314,27.33,8.63,21.9647,40.36,95.28,57.9755,0.9732,77.727,11.3668,0.1462,75.3311,12.2137,0.1621,80.2658,10.4806,0.1306,1
S12000006,Dumfries and Galloway,2020,72.9,71.8,7.54,58.209,1.5349,89.05,2.83,5.8199,26.66,7.07,24.3,39.44,96.58,68.7927,0.95,79.2847,11.62,0.1466,77.1685,12.3959,0.1606,81.5522,10.8326,0.1328,3
S12000008,East Ayrshire,2020,73.1,75.88,9.14,62.5767,2.0769,69.94,3.23,4.1517,27.28,8.05,19,41.16,95.76,58.5398,0.9425,76.9309,11.8844,0.1545,74.9908,12.595,0.168,78.9095,11.1828,0.1417,1
S12000010,East Lothian,2020,78.4,80.83,6.89,43.9394,2.0676,60.61,2.69,9.021,24.46,7.82,16.7,40.34,95.83,60.8631,0.9201,80.8265,10.6381,0.1316,78.8777,11.3172,0.1435,82.7729,10.0196,0.121,3
S12000011,East Renfrewshire,2020,75.2,86.28,3.47,18.8525,2.2432,59.84,3.2892,7.2529,15.77,8.05,31,42.91,95.45,64.837,0.922,81.8263,10.2854,0.1257,79.7482,10.7674,0.135,83.8158,9.778,0.1167,2
S12000013,Na h-Eileanan Siar,2020,83.2,77.45,5.67,55.5556,1.4573,100,2.5926,5.1337,20.75,7.51,18.8081,37.21,93.89,68.3544,0.9559,79.9766,10.9216,0.1366,77.3745,11.902,0.1538,83.0576,9.7233,0.1171,3
S12000014,Falkirk,2020,73.6,75.78,7.31,52.8037,2.1637,36.92,2.66,5.2174,24.78,8.35,14.8,41.58,94.53,54.5279,0.9609,78.2741,11.3514,0.145,76.4044,11.8041,0.1545,80.2052,10.9243,0.1362,1
S12000017,Highland,2020,79.5,74.54,5.78,36.859,2.456,91.35,3.03,6.9727,23.58,5.56,14.1,38.49,96.32,61.9244,0.9617,79.9753,11.4883,0.1436,77.7487,12.2971,0.1582,82.3683,10.5979,0.1287,3
S12000018,Inverclyde,2020,68.6,78.93,11.95,58.7719,3.3118,24.56,2.87,4.8371,23.81,10.52,23.9,40.47,96.39,57.0552,0.92,77.3784,11.9056,0.1539,75.0499,12.6282,0.1683,79.7095,11.0674,0.1388,1
S12000019,Midlothian,2020,80.5,85.65,5.67,57.3913,1.2232,50.43,2.83,8.0787,23.9,7.96,20.4773,38.18,96.15,59.6581,0.9258,79.6589,10.68,0.1341,77.9795,11.16,0.1431,81.3808,10.2296,0.1257,3
S12000020,Moray,2020,75.6,85.71,5.4,40.4762,1.2632,96.83,2.9277,7.2415,23.39,7.35,21.5,39.15,96.57,60.3015,0.9855,80.186,11.0709,0.1381,77.8109,11.7121,0.1505,82.8427,10.3397,0.1248,3
S12000021,North Ayrshire,2020,68.6,78.16,7.81,66.129,2.1216,53.23,2.86,4.2458,27.92,8.2,15.9,49.31,93.53,62.5908,0.9104,76.7852,12.214,0.1591,74.2772,13.2267,0.1781,79.2572,11.2375,0.1418,1
S12000023,Orkney Islands,2020,85.9,32.08,5.18,34.4828,1.6481,100,3.0077,9.6992,22.69,7.21,23.044,34.72,92.79,64.7059,1,82.2633,9.9696,0.1212,80.5339,10.9546,0.136,84.1091,9.0285,0.1073,3
S12000026,Scottish Borders,2020,76.5,78.29,6.12,43.3566,3.1498,84.62,2.82,6.8224,24.18,6.57,24.2,41.69,95.25,68.1752,0.9492,81.0233,10.6095,0.1309,79.352,11.2498,0.1418,82.7021,10.0745,0.1218,3
S12000027,Shetland Islands,2020,76.5,64.71,9.42,23.3333,2.1856,93.33,2.8275,5.7963,15.78,7.33,15.1322,33.07,94.46,60.2837,1.036,80.7639,10.6964,0.1324,78.7556,10.8082,0.1372,83.1755,10.3994,0.125,3
S12000028,South Ayrshire,2020,72.2,76.05,6.27,51.634,2.2928,64.71,2.55,5.3508,24.83,8.67,15.9,42.15,94.86,67.3134,0.9162,78.8549,11.5042,0.1459,76.6709,12.2912,0.1603,81.0262,10.7128,0.1322,1
S12000029,South Lanarkshire,2020,77,80.39,4.87,50.8121,2.6344,62.41,2.89,4.9239,23.08,6.99,20.4,37.83,96.23,56.4603,0.939,78.4027,11.2164,0.1431,76.2124,11.8882,0.156,80.6347,10.471,0.1299,3
S12000030,Stirling,2020,74.7,86.18,6.9,27.2727,2.48,66.12,2.9076,7.2338,21.29,7.52,14.2,42.8,95.8,52.6742,0.9383,79.7842,11.3479,0.1422,77.7116,11.7573,0.1513,81.8997,10.9439,0.1336,2
S12000033,Aberdeen City,2020,78.6,88.72,5.46,32.8622,3.1667,22.26,3.26,6.2638,21.34,6.71,11.9,37.33,95.9,44.4515,0.9922,79.0971,11.349,0.1435,77.2228,11.5843,0.15,81.1126,10.9603,0.1351,2
S12000034,Aberdeenshire,2020,79.9,87.24,3.36,20.2941,2.3457,87.06,3.34,7.8,16.67,6.72,18.7,41.46,96.46,60,0.9893,80.7215,10.7316,0.1329,79.2994,11.0989,0.14,82.2839,10.3966,0.1263,2
S12000035,Argyll and Bute,2020,75.9,82.73,6.65,43.2,2.7879,81.6,2.92,6.5202,23.29,9.54,19.9,39.51,93.86,65.8252,1.0047,80.2436,10.8913,0.1357,78.3357,11.4856,0.1466,82.3257,10.2823,0.1249,3
S12000036,City of Edinburgh,2020,75.1,85.8,3.3,26.8007,2.2727,12.4,3.35,8.1507,20.25,8.45,11.2,41.52,91.83,41.4745,0.9544,80.3517,11.0615,0.1377,78.1498,11.6212,0.1487,82.6837,10.3458,0.1251,2
S12000038,Renfrewshire,2020,75.9,85.8,6.52,51.5556,3.1999,33.33,3.11,5.1117,23.11,7.98,20.2,39.69,97.2,53.3333,0.9353,77.7789,11.4468,0.1472,75.66,11.9976,0.1586,79.9378,10.826,0.1354,1
S12000039,West Dunbartonshire,2020,72.1,76.74,9.95,71.9008,1.3113,30.58,2.45,4.4136,26.75,10.72,16.1986,40.05,96.91,54.9123,0.9154,75.8668,12.2864,0.1619,73.3352,13.2606,0.1808,78.3849,11.1849,0.1427,1
S12000040,West Lothian,2020,76.9,76.61,7.91,47.2803,1.6357,50.63,2.53,6.1507,24.64,8.85,14.5,38.06,97.37,53.0391,0.9679,78.8888,11.2974,0.1432,76.9933,12.0275,0.1562,80.8742,10.5584,0.1306,1
S12000041,Angus,2020,77.4,80.92,7.36,41.9355,2.0947,79.35,2.85,6.7745,24.05,7.43,25.2,41.61,96.9,65.2422,0.9595,79.8065,11.2436,0.1409,78.4366,11.5022,0.1466,81.2624,11.0545,0.136,3
S12000042,Dundee City,2020,72.6,89.09,7.62,54.2553,2.3889,14.89,2.31,5.2813,26.76,10.37,11.8,40.92,92.61,48.5572,0.9314,76.2559,12.4819,0.1637,73.8174,12.9378,0.1753,78.8391,11.8634,0.1505,1
S12000045,East Dunbartonshire,2020,76.7,86.64,4.48,21.5385,2.0516,68.46,2.92,6.5745,16.28,6.61,27.6,42.82,96.01,65.2968,0.9393,82.2848,10.1008,0.1228,80.4232,10.5819,0.1316,84.1373,9.6353,0.1145,2
S12000047,Fife,2020,72.4,82.6,7.33,47.5709,4.3098,38.06,2.92,5.8807,26.36,7.02,14.9,42.43,92.94,58.609,0.9459,78.9761,11.3339,0.1435,76.9928,12.035,0.1563,81.0374,10.6228,0.1311,1
S12000048,Perth and Kinross,2020,79.6,79.8,4.25,27.4194,2.113,68.28,2.89,7.6247,22.63,8.47,24.3,41.69,96.39,63.4409,0.9664,81.0155,11.1801,0.138,79.2829,11.7798,0.1486,82.9129,10.5939,0.1278,2
S12000049,Glasgow City,2020,66.6,82.24,8.06,62.4665,2.55,17.16,3.2,5.8402,32.25,8.39,11,32.62,94.68,39.6923,0.9635,75.5239,12.17,0.1611,73.0113,12.696,0.1739,78.1726,11.3835,0.1456,1
S12000050,North Lanarkshire,2020,71.3,76.53,8.35,68.0089,2.4706,48.77,2.64,4.5859,26.47,8.56,16.7,37.83,98.32,52.87,0.938,76.5273,11.8975,0.1555,74.3296,12.5135,0.1684,78.7513,11.2107,0.1424,1
W06000001,Isle of Anglesey,2020,75.1,80.21,5.09,38.6364,1.8919,88.64,2.33,7.8933,31.42,11.09,23.3,38.77,94.36,73.8272,0.9665,82.1232,10.7517,0.1309,80.4853,11.1357,0.1384,83.7583,10.3623,0.1237,3
W06000002,Gwynedd,2020,74.3,79.29,4.57,39.726,4.7486,71.23,3.18,7.6307,30.03,14.06,34,39.45,93.48,62.3057,0.9857,81.7358,10.6817,0.1307,79.8636,11.3325,0.1419,83.7708,9.9365,0.1186,1
W06000003,Conwy,2020,73.3,78.4,4.6,45.0704,2.561,45.07,3.77,7.7682,30.54,10.6,27.7,43.34,95.82,75.3709,0.9537,81.3929,11.5474,0.1419,79.0435,12.5041,0.1582,83.824,10.4697,0.1249,3
W06000004,Denbighshire,2020,72.6,74.24,6.61,41.3793,3.55,60.34,3.06,7.6158,30.53,11.65,23.7,38.72,94.04,70.0176,0.9673,80.2605,10.7462,0.1339,78.7587,11.2746,0.1432,81.7849,10.2441,0.1253,1
W06000005,Flintshire,2020,80.2,79.71,4.55,33.6957,3.5789,66.3,2.55,7.2533,26.67,9.66,23.7,38.69,96.32,62.5907,0.9711,81.1507,10.7861,0.1329,79.6482,11.4443,0.1437,82.6955,10.133,0.1225,3
W06000006,Wrexham,2020,74.1,78.63,6.85,41.1765,3.2836,60,2.77,6.3291,31.94,11.64,18.8,36.72,95.87,62.0238,1.0133,79.7676,11.3793,0.1427,78.0972,12.2229,0.1565,81.5687,10.4702,0.1284,1
W06000008,Ceredigion,2020,72.8,82.98,4.01,47.8261,2.625,86.96,3.11,8.7648,31.84,11.46,24.4,40.4,93.99,64.2697,0.9864,82.5104,10.6049,0.1285,80.1861,11.3555,0.1416,84.9571,9.7451,0.1147,3
W06000009,Pembrokeshire,2020,74.9,81.4,6.77,49.2958,4.7733,97.18,3.08,8.0866,32.41,10.97,26.7,38.01,93.64,72.2449,0.9628,81.2795,11.1904,0.1377,79.166,11.9437,0.1509,83.4999,10.3199,0.1236,1
W06000010,Carmarthenshire,2020,70.4,74.49,8.79,41.9643,3.6471,84.82,2.9,6.3497,31.31,13.72,20.4,35.98,93.83,67.5771,0.9588,80.8322,10.562,0.1307,78.9267,11.2428,0.1424,82.8088,9.819,0.1186,1
W06000011,Swansea,2020,70.5,81.12,6.88,42.5676,4.9419,23.65,2.74,6.7511,29.85,11.1,22.2,37.46,93.25,55.5485,0.9911,79.9642,11.5446,0.1444,77.8298,12.1155,0.1557,82.1364,10.745,0.1308,1
W06000012,Neath Port Talbot,2020,71.8,78.67,7.8,63.7363,3.2727,47.25,2.39,5.2651,30.48,13.58,25.9,34.03,96.51,59.3164,0.9714,79.2165,11.3325,0.1431,77.3899,11.6832,0.151,81.0974,10.842,0.1337,1
W06000013,Bridgend,2020,75.7,84.73,7.55,50,4.4667,39.77,2.98,6.7435,29.3,11.9,24.4,37.43,95.64,59.0076,0.9812,79.6775,11.0281,0.1384,77.393,11.9777,0.1548,82.0446,9.9236,0.121,1
W06000014,Vale of Glamorgan,2020,73.6,87.23,6.02,30.3797,3.8864,51.9,2.71,9.4294,25.02,11.31,22.1,39.17,93.86,62.545,0.9454,82.0364,10.5012,0.128,80.1192,10.9385,0.1365,83.928,9.9563,0.1186,1
W06000015,Cardiff,2020,75.1,84.44,4.57,31.3084,3.0612,16.82,2.67,8.7902,33.1,10.77,14.3,34.74,93.18,46.4314,0.9898,80.7319,11.0506,0.1369,78.4472,11.568,0.1475,83.0904,10.2468,0.1233,1
W06000016,Rhondda Cynon Taf,2020,71,80.72,7.91,65.5844,4.1565,25.32,2.7,5.1108,31.66,18.54,26.8,34.18,96.47,54.4065,0.9682,78.4384,11.4979,0.1462,76.3844,12.0441,0.157,80.5992,10.7645,0.1333,1
W06000018,Caerphilly,2020,71.2,75.89,8.95,56.3636,2.9536,36.36,2.91,6.2213,30.9,14.66,22.6,36.24,94.15,58.5876,0.9622,79.733,11.0854,0.139,77.7317,11.5652,0.1488,81.7956,10.4888,0.1282,1
W06000019,Blaenau Gwent,2020,70.1,72.41,10.09,87.234,2.0711,63.83,2.39,5.4216,32.82,14.73,24.414,34.28,97.1,57.7878,0.969,78.8174,10.8273,0.1374,77.5176,11.3228,0.1461,80.1213,10.3797,0.1295,1
W06000020,Torfaen,2020,74,79.17,9.21,56.6667,2.6285,16.67,2.42,6.2054,30.81,11.53,25.6,39.64,95.38,61.3559,0.9508,80.0394,11.2627,0.1407,78.7009,11.6044,0.1474,81.3791,10.9017,0.134,1
W06000021,Monmouthshire,2020,80.4,86.09,3.21,19.6429,3.0018,94.64,3.53,9.9898,23.42,9.94,21.5,41.15,93.91,67.7249,0.973,83.6732,9.9232,0.1186,82.2728,10.2703,0.1248,85.0579,9.6111,0.113,2
W06000022,Newport,2020,76,75.63,7.25,49.4737,2.4701,36.84,2.66,7.4606,32.54,15.51,17.2,33.7,93.87,57.1859,0.9747,79.954,11.2393,0.1406,78.0169,11.7272,0.1503,81.972,10.5766,0.129,1
W06000023,Powys,2020,78.2,83.86,5.08,30.3797,3.4766,96.2,3.03,8.2612,30.03,9.75,28,36.87,94.42,73.4987,0.9806,82.3784,10.322,0.1253,80.4676,10.8787,0.1352,84.3905,9.6416,0.1142,3
W06000024,Merthyr Tydfil,2020,67.9,67.56,8.99,66.6667,2.0353,19.44,2.14,4.9551,31.81,15.12,25.6,39.71,93.52,59.0551,0.9548,78.4856,11.4289,0.1456,76.3409,12.2184,0.1601,80.7308,10.6006,0.1313,1